productId,handle,title,productType,currentMetaDescription,currentChars,aiSuggestedDescription,aiSuggestedChars,proposedDescription,proposedChars,factsUsed,numericFactsFromSource
gid://shopify/Product/8379054915773,hanes-mens-boxer-briefs-cotton-pack,Hanes Men's Cool Cotton Boxer Briefs Pack | VennixStore,Men's Underwear,Hanes men's moisture-wicking cotton boxer briefs with no-ride-up fit and Comfort Flex waistband. Multi-pack value. Shop now.,124,"Hanes Men's Cool Cotton Boxer Briefs Pack | VennixStore features a an easy-to-style with a versatile design, designed for everyday essentials and.",146,"Shop the Hanes Men's Cool Cotton Boxer Briefs Pack — Comfort Flex waistband, moisture-wicking. Free shipping over $50.",118,"Comfort Flex waistband, moisture-wicking",
gid://shopify/Product/8379407204541,new-size-night-reflective-jackets-double-fabric-windbreaker-hooded-jacket-men-hip-hop-dancer-waterproof-zipper-coats-outwear,Night Reflective Windbreaker Jacket,mens wear,"Men's night reflective hooded windbreaker — waterproof, double-layer polyester, sizes M–5XL. Shop now at VennixStore.",117,"Night Reflective Windbreaker Jacket is a mens wear for everyday wardrobes, with a versatile design for casual and seasonal outfits",130,"Night Reflective Windbreaker Jacket — sizes M–5XL, polyester, hooded, waterproof. Order today at VennixStore.",109,"sizes M–5XL, polyester, hooded, waterproof",sizes M–5XL
gid://shopify/Product/8379407237309,mens-summer-t-shirt-230g-heavy-cotton-vintage-washed-t-shirts-oversized-short-sleeve-loose-streetwear-short-sleeve-tops-tee,Men's Heavy Cotton Vintage Washed Tee,mens wear,230g heavyweight vintage washed oversized cotton tee for men — breathable streetwear style. Shop now at VennixStore.,116,"Men's Heavy Cotton Vintage Washed Tee is a mens wear for everyday wardrobes, with a versatile design for casual and seasonal outfits",132,"Meet the Men's Heavy Cotton Vintage Washed Tee — 230g, breathable, oversized, tee. In stock now at VennixStore.",111,"230g, breathable, oversized, tee",230g
gid://shopify/Product/8379407270077,mens-new-summer-waffle-round-neck-short-sleeve-t-shirt-comfortable-breathable-short-sleeved-top-for-casual-wear,Men's Waffle Knit Round Neck T-Shirt,men,"Men's breathable waffle knit round neck tee — relaxed fit, perfect for casual summer wear. Shop now at VennixStore.",115,"Men's Waffle Knit Round Neck T-Shirt is a men for everyday wardrobes, with a versatile design for casual and seasonal outfits",125,"Shop the Men's Waffle Knit Round Neck T-Shirt — breathable, relaxed fit. Part of our men' range. Ships free over $50.",117,"breathable, relaxed fit",
gid://shopify/Product/8379407368381,men-2025-new-summer-beach-new-models-solid-color-fashion-leisure-comfortable-elastic-waist-double-pockets-cool-sports-shorts,Men's Elastic Waist Sports Shorts - Comfortable & Stylish for Summer Adventures,Men's Shorts,"Shop Men's Elastic Waist Sports Shorts - Comfortable & Stylish for Summer Adventures. Discover quality men's shorts designed for everyday style, comfort and eas",160,Men's Elastic Waist Sports Shorts - Comfortable & Stylish for Summer Adventures features an elastic waist and a coordinated styling design for warm-weather.,156,Men's Elastic Waist Sports Shorts - Comfortable & Stylish for Summer Adventures. Part of our men's shorts range. Free shipping over $50.,136,,
gid://shopify/Product/8379407401149,mens-linen-wide-leg-casual-pants-are-loose-fitting-breathable-and-comfortable-suitable-for-all-seasons-and-versatile,Men's Linen Wide Leg Pants — Breathable All-Season,Men's Pants,"SPECIFICATIONSApplicable Scene: BeachApplicable Season: Spring And AutumnBrand Name: NONECN: GuangdongClosure Type: Drawstring WaistColor: WhiteCraft of Weaving: KnitDetails: DrawstringFabric Elasticity: Non-StretchFeatures: Great quality,BreathableFit Type: regular,LooseHigh-concerned chemical: NoneIdeal for: UnisexLength: Ankle-Length Pants,LongLined For Added Warmth: NoMaterial: POLYESTER,Knitted FabricOccasion: Weekend CasualOrigin: Mainland ChinaPant Style: Cropped PantsPattern Type: PlainPlacket: Lace-upPockets: YesScenes: DailyStyle: Casual,Glamorous - Disco Style,Sports & Outdoor - AthleisureThickness: LightweightType: Casual PantsWaist Line: Low Waist Product description - Vennix",697,"Men's Linen Wide Leg Pants — Breathable All-Season combines a an easy-to-style silhouette with everyday functionality, making it an easy choice for everyday.",157,"Meet the Men's Linen Wide Leg Pants — Breathable All-Season — polyester, lace, drawstring, ankle-length. Order today at VennixStore.",132,"polyester, lace, drawstring, ankle-length",
gid://shopify/Product/8379407499453,mens-ice-silk-mesh-vest-lightweight-sports-summer-wear-sleeveless-t-shirt-tank-top-casual-fashion-outerwear,Men's Ice Silk Mesh Vest Lightweight Sports Summer Wear,men,"Stay cool all summer in this breathable ice silk mesh vest lightweight, sleeveless, and built for active wear. Shop now.",120,"Men's Ice Silk Mesh Vest Lightweight Sports Summer Wear is a men for everyday wardrobes, with a versatile design for casual and seasonal outfits",144,"Shop the Men's Ice Silk Mesh Vest Lightweight Sports Summer Wear — breathable, sleeveless. In stock now at VennixStore.",119,"breathable, sleeveless",
gid://shopify/Product/8379407564989,mens-bone-flower-solid-color-polo-shirt-business-casual-short-sleeve-summer-breathable-versatile-top,Men's Summer Polo Shirt - Elevate Your Casual Look with Breathable Comfort,Men's Polo Shirts,"Shop Men's Summer Polo Shirt - Elevate Your Casual Look with Breathable Comfort. Discover quality men's polo shirts designed for everyday style, comfort and eas",160,"Men's Summer Polo Shirt - Elevate Your Casual Look with Breathable Comfort features a a practical design with a versatile design, suited to casual outfits.",155,Men's Summer Polo Shirt - Elevate Your Casual Look with Breathable Comfort. Part of our men's polo shirt range. Ships free over $50.,132,,
gid://shopify/Product/8379407597757,men-fast-dry-stretch-pants-ice-silk-trousers-solid-color-mid-waist-loose-breathable-straight-leg-casual-pants-thin-sports-pants,Men's Ice Silk Fast-Dry Stretch Casual Pants,Men's Pants,"SPECIFICATIONSApplicable Scene: DailyApplicable Season: Four SeasonsBrand Name: NONEClosure Type: Elastic WaistCraft of Weaving: TattingDecoration: PocketsFabric Type: TWILLFit Type: regularFront Style: FlatGender: MenHigh-concerned chemical: NoneItem Type: full lengthLength: Ankle-Length PantsMaterial: POLYESTERModel Number: pantsOrigin: Mainland ChinaPant Style: Harem PantsPlace Of Origin: China (mainland)Style: SportsThickness: MidweightWaist Type: MID Stretch Pants Men's Summer New Thin Business Casual Pants Breathable Straight Leg Tracksuit Pants Please check the Size Chart before order. If you are not sure the size, please send message to us. About The Product: 1.It is made of high quality materials,enought for your daily wearing. 2.Stylish and fashion design make you more attractive. 3.Great for Daily Casual,I am sure you will like it! 4.Wearing it will make you look more handsome. Package-Includes: Season:all season Gender:men Application: daily/casual Material:cotton-linen How to wash: hand wash cold, hang or line dry What you get: 1PC men pants Size Waist Hip Length M 64cm/25.20'' 100cm/39.37'' 94cm/37.01'' L 68cm/26.77'' 104cm/40.94'' 96cm/37.80'' XL 72cm/28.35'' 108cm/42.52'' 98cm/38.58'' XXL 76cm/29.92'' 112cm/44.09'' 100cm/39.37'' XXXL 80cm/31.50'' 118cm/46.46'' 102cm/40.16'' XXXXL 84cm/33.07'' 122cm/48.03'' 104cm/40.94'' XXXXXL 86cm/33.86'' 124cm/48.82'' 105cm/41.34'' - Vennix",1414,"Men's Ice Silk Fast-Dry Stretch Casual Pants combines a an easy-to-style silhouette with everyday functionality, making it an easy choice for everyday wear",155,"Meet the Men's Ice Silk Fast-Dry Stretch Casual Pants — linen, cotton, breathable, straight leg. Free shipping over $50.",120,"linen, cotton, breathable, straight leg",
gid://shopify/Product/8379407630525,mens-suits-3pcs-mens-business-suit-notch-lapel-blazer-formal-wedding-groom-pants-tux-vest-tuxedos-blazer-vest-pants,Men's 3-Piece Slim Fit Business & Wedding Suit,Men's Suits,"Shop Men's 3-Piece Slim Fit Business & Wedding Suit. Discover quality men's suits designed for everyday style, comfort and easy wear. Refresh your wardrobe toda",160,"Men's 3-Piece Slim Fit Business & Wedding Suit includes coordinated pieces, with a an easy-to-style suited to weddings, business events, and formal occasions",157,Shop the Men's 3-Piece Slim Fit Business & Wedding Suit. Part of our men's suit range. Order today at VennixStore.,114,,
gid://shopify/Product/8379407663293,puaia-print-mens-pants-autumn-winter-new-sport-jogging-trousers-fitness-loose-fit-clothing-solid-color-outfit-streetwear-pants,Men's Loose Fit Streetwear Jogger Trousers,Men's Pants,"Shop Men's Loose Fit Streetwear Jogger Trousers. Discover quality men's pants designed for everyday style, comfort and easy wear. Refresh your wardrobe today an",160,"Men's Loose Fit Streetwear Jogger Trousers combines a an easy-to-style silhouette with everyday functionality, making it an easy choice for everyday wear",153,Men's Loose Fit Streetwear Jogger Trousers — pants. Part of our men's pants range. In stock now at VennixStore.,111,pants,
gid://shopify/Product/8379407728829,mens-casual-pants-straight-slim-fit-elastic-waist-jogger-korean-classic-blue-black-gray-male-brand-trousers-plus-size,Men's Slim-Fit Elastic Waist Jogger Pants,Men's Underwear,"Shop men's casual straight-leg pants with elastic waist. Slim fit, lightweight polyester in black, dark blue & grey. Sizes M–5XL.",129,"Men's Slim-Fit Elastic Waist Jogger Pants features a an easy-to-style with a versatile design, designed for everyday essentials and comfortable layering",152,"Meet the Men's Slim-Fit Elastic Waist Jogger Pants — sizes M–5XL, polyester. Part of our men's underwear range. Ships free over $50.",132,"sizes M–5XL, polyester",sizes M–5XL
gid://shopify/Product/8447131582653,elegant-womens-v-neck-ruffle-blouse-with-tie-waist-lantern-sleeves-long-sleeve-top,"Elegant Women's V-Neck Ruffle Blouse with Tie Waist, Lantern Sleeves Long Sleeve Top",Women's Blouses,"Shop Elegant Women's V-Neck Ruffle Blouse with Tie Waist, Lantern Sleeves Long Sleeve Top. Discover quality women's blouses designed for everyday style, comfort",160,"Elegant Women's V-Neck Ruffle Blouse with Tie Waist, Lantern Sleeves Long Sleeve Top is a women's blouses for everyday wardrobes, with a versatile design.",154,"Shop the Elegant Women's V-Neck Ruffle Blouse with Tie Waist, Lantern Sleeves Long Sleeve Top — ruffled, tie detail, sleeved. Free shipping over $50.",149,"ruffled, tie detail, sleeved",
gid://shopify/Product/8447155830973,fashionable-pink-floral-round-neck-sleeveless-vest-dress-for-women-casual-summer-style,Fashionable Pink Floral Round Neck Sleeveless Vest Dress for Women Casual Summer Style,Women's Dresses,"Shop Fashionable Pink Floral Round Neck Sleeveless Vest Dress for Women Casual Summer Style. Discover quality women's dresses designed for everyday style, comfort a",164,"Fashionable Pink Floral Round Neck Sleeveless Vest Dress for Women Casual Summer Style features a an easy-to-style with everyday styling, suited to.",148,Fashionable Pink Floral Round Neck Sleeveless Vest Dress for Women Casual Summer Style. Order today at VennixStore.,115,,
gid://shopify/Product/8447160942781,motorcycle-balaclava-full-face-mask-skull-print-motorbike-full-face-mask-windproof-skiing-head-neck-warmer-bicycle-helmet-liner,Motorcycle Balaclava Full Face Mask Skull Print Motorbike Full Face Mask Windproof Skiing Head Neck Warmer Bicycle Helmet Liner,Face Masks,Shop Motorcycle Balaclava Full Face Mask Skull Print Motorbike Full Face Mask Windproof Skiing Head Neck Warmer Bicycle Helmet Liner. Discover quality face masks,161,Motorcycle Balaclava Full Face Mask Skull Print Motorbike Full Face Mask Windproof Skiing Head Neck Warmer Bicycle Helmet Liner is a face masks for everyday.,157,Motorcycle Balaclava Full Face Mask Skull Print Motorbike Full Face Mask Windproof Skiing Head Neck Warmer Bic. In stock now at VennixStore.,140,,
gid://shopify/Product/8447161041085,original-fluffy-cat-ear-hat-lolita-spiky-star-braided-hair-hat-autumn-winter-warmth-subculture-y2k-headwear,Original Fluffy Cat Ear Hat Lolita Spiky Star Braided Hair Hat Autumn Winter Warmth Subculture Y2K Headwear,Hats,"Shop Original Fluffy Cat Ear Hat Lolita Spiky Star Braided Hair Hat Autumn Winter Warmth Subculture Y2K Headwear. Discover quality hats designed for everyday style,",164,"Original Fluffy Cat Ear Hat Lolita Spiky Star Braided Hair Hat Autumn Winter Warmth Subculture Y2K Headwear is a hats for everyday wardrobes, with a.",149,Shop the Original Fluffy Cat Ear Hat Lolita Spiky Star Braided Hair Hat Autumn Winter Warmth Subculture Y2K Headwear. Ships free over $50.,138,,
gid://shopify/Product/8447296110781,cream-textured-tie-front-crop-top-mini-skirt-set,Cream Textured Tie-Front Crop Top & Mini Skirt Set,Women's Clothing,"Shop our cream textured tie-front crop top & mini skirt two-piece set. Flirty, resort-ready summer style. Perfect for beach, nights out & vacation looks.",153,"Cream Textured Tie-Front Crop Top & Mini Skirt Set is a women's clothing for everyday wardrobes, with a versatile design for casual and seasonal outfits",152,"Cream Textured Tie-Front Crop Top & Mini Skirt Set — tie detail, mini length, top. Free shipping over $50.",106,"tie detail, mini length, top",
gid://shopify/Product/8448556040381,cross-border-multi-color-solid-color-3d-printing-digital-printing-hooded-sweater-brown-lining-cotton-padded-jacket,Cross Border Multi-color Solid Color 3D Printing Digital Printing Hooded Sweater Brown Lining Cotton-padded Jacket,0,"Product information: Pattern: solid color Pocket Style: Dimensional patch pocket Color: Pattern 1, Pattern 2, pattern 3, pattern 4, pattern 5, pattern 6, pattern 7, pattern 8, Pattern 9, pattern 10 Suitable for people: Youth Size: S,M,L,XL,2XL,3XL,4XL,5XL Version: Loose Lining composition: Polyester Fiber (polyester) Content of lining ingredients: 100% Style: Cardigan Thickness: fleece-lined Fabric name: Polyester Fiber Applicable scenarios: Daily Main fabric composition: Polyester Fiber (polyester) Applicable Gender: Male Packing list: Jacket*1 Product Image: - Vennix",575,"Cross Border Multi-color Solid Color 3D Printing Digital Printing Hooded Sweater Brown Lining Cotton-padded Jacket is a 0 for everyday wardrobes, with a.",153,Meet the Cross Border Multi-color Solid Color 3D Printing Digital Printing Hooded Sweater Brown Lining Cotton-padded Jacket. Order today at VennixStore.,152,,
gid://shopify/Product/8448557514941,mens-fashion-straight-casual-pants,Men's Fashion Straight Casual Pants,0,"Product information: Pattern: solid color Color: Black, liner cotton, khaki plus cotton, gray cotton Size: M,L,XL,2XL,3XL,4XL,5XL Applicable scenarios: Leisure Fabric: Cotton Applicable Gender: Male Note: 1. Asian sizes are 1 to 2 sizes smaller than European and American people. Choose the larger size if your size between two sizes. Please allow 2-3cm differences due to manual measurement. 2. Please check the size chart carefully before you buy the item, if you don't know how to choose size, please contact our customer service. 3.As you know, the different computers display colors differently, the color of the actual item may vary slightly from the following images. Packing list: Men's pants *1 Product Image: - Vennix",727,"Men's Fashion Straight Casual Pants is a 0 for everyday wardrobes, with a versatile design for casual and seasonal outfits",122,Shop the Men's Fashion Straight Casual Pants — cotton. Part of the Vennix range. In stock now at VennixStore.,109,cotton,
gid://shopify/Product/8448558301373,early-spring-long-sleeved-thin-sweater-female,Early Spring Long-sleeved Thin Sweater Female,0,"Product information : Version: slim type Length: ordinary style (50cm < length ≤65cm) Collar type: V-neck Sleeve type: conventional sleeve Popular elements: straps Color: khaki Size Information: Size: S,M,L,XL Note: 1. Asian sizes are 1 to 2 sizes smaller than European and American people. Choose the larger size if your size between two sizes. Please allow 2-3cm differences due to manual measurement. 2. Please check the size chart carefully before you buy the item, if you don't know how to choose size, please contact our customer service. 3.As you know, the different computers display colors differently, the color of the actual item may vary slightly fromthe following images. Packing list: Coat *1 - Vennix",715,"Early Spring Long-sleeved Thin Sweater Female is a 0 for everyday wardrobes, with a versatile design for casual and seasonal outfits",132,"Early Spring Long-sleeved Thin Sweater Female — slim fit, v-neck, coat. Part of the Vennix range. Ships free over $50.",118,"slim fit, v-neck, coat",
gid://shopify/Product/8448566296765,solid-long-sleeve-sweater-slimming-v-neckline-knitwear-womens-bottoming-shirt,Solid Long Sleeve Sweater Slimming V-neckline Knitwear Women's Bottoming Shirt,0,"Overview: Unique design, stylish and beautiful. Good material, comfortable wear. A variety of colors, any choice. Product information: Size: S,M,L,XL,XXL, XXL,XXXXL, XXXXL Style type: Japanese and Korean casual Style: pullover Fabric name: Polyester Sleeve type: regular sleeve Style: casual style Size: Note: 1. Asian sizes are 1 to 2 sizes smaller than European and American people. Choose the larger size if your size between two sizes. Please allow 2-3cm differences due to manual measurement. 2. Please check the size chart carefully before you buy the item, if you don't know how to choose size, please contact our customer service. 3.As you know, the different computers display colors differently, the color of the actual item may vary slightly from the following images. Packing list: Sweater *1 Product Image: - Vennix",828,"Solid Long Sleeve Sweater Slimming V-neckline Knitwear Women's Bottoming Shirt is a 0 for everyday wardrobes, with a versatile design for casual and.",149,"Meet the Solid Long Sleeve Sweater Slimming V-neckline Knitwear Women's Bottoming Shirt — polyester, sleeved. Free shipping over $50.",133,"polyester, sleeved",
gid://shopify/Product/8454878527677,plaid-button-up-cardigan,Plaid Button-Up Cardigan,Women's Cardigans,"Shop Plaid Button-Up Cardigan. Discover quality women's cardigans designed for everyday style, comfort and easy wear. Refresh your wardrobe today and find your new fav",167,"Plaid Button-Up Cardigan is a women's cardigans for everyday wardrobes, with a versatile design for casual and seasonal outfits",127,Shop the Plaid Button-Up Cardigan — button front. Part of our women's cardigan range. Order today at VennixStore.,113,button front,
gid://shopify/Product/8469424668861,half-snap-dropped-shoulder-sweatshirt,Half Snap Dropped Shoulder Sweatshirt,Women's Sweatshirts,"Shop Half Snap Dropped Shoulder Sweatshirt. Discover quality women's sweatshirts designed for everyday style, comfort and easy wear. Refresh your wardrobe today and f",166,"Half Snap Dropped Shoulder Sweatshirt is a women's sweatshirts for everyday wardrobes, with a versatile design for casual and seasonal outfits",142,Half Snap Dropped Shoulder Sweatshirt. Part of our women's sweatshirt range. In stock now at VennixStore.,105,,
gid://shopify/Product/8469424832701,openwork-hooded-long-sleeve-sweater,Openwork Hooded Long Sleeve Sweater,Women's Sweaters,"Shop Openwork Hooded Long Sleeve Sweater. Discover quality women's sweaters designed for everyday style, comfort and easy wear. Refresh your wardrobe today and find y",166,"Openwork Hooded Long Sleeve Sweater is a women's sweaters for everyday wardrobes, with a versatile design for casual and seasonal outfits",137,Meet the Openwork Hooded Long Sleeve Sweater — sleeved. Part of our women's sweater range. Ships free over $50.,111,sleeved,
gid://shopify/Product/8469424996541,polka-dot-contrast-trim-leopard-round-neck-sweatshirt,Polka Dot Contrast Trim Leopard Round Neck Sweatshirt,Women's Sweatshirts,"Shop Polka Dot Contrast Trim Leopard Round Neck Sweatshirt. Discover quality women's sweatshirts designed for everyday style, comfort and easy wear. Refresh your war",165,"Polka Dot Contrast Trim Leopard Round Neck Sweatshirt is a women's sweatshirts for everyday wardrobes, with a versatile design for casual and seasonal outfits",158,Shop the Polka Dot Contrast Trim Leopard Round Neck Sweatshirt — leopard print. Part of our women's sweatshirt range. Free shipping over $50.,141,leopard print,
gid://shopify/Product/8469425356989,oversized-quarter-zip-hoodie,Oversized Quarter-Zip Hoodie,Women's Sweatshirts,"Shop Oversized Quarter-Zip Hoodie. Discover quality women's sweatshirts designed for everyday style, comfort and easy wear. Refresh your wardrobe today and find your n",167,"Oversized Quarter-Zip Hoodie is a women's sweatshirts for everyday wardrobes, with a versatile design for casual and seasonal outfits",133,Oversized Quarter-Zip Hoodie — zip-through. Part of our women's sweatshirt range. Order today at VennixStore.,109,zip-through,
gid://shopify/Product/8469425586365,angel-wings-heathered-turtleneck-long-sleeve-sweater,Angel Wings Heathered Turtleneck Long Sleeve Sweater,Women's Sweaters,"Shop Angel Wings Heathered Turtleneck Long Sleeve Sweater. Discover quality women's sweaters designed for everyday style, comfort and easy wear. Refresh your wardrobe",166,"Angel Wings Heathered Turtleneck Long Sleeve Sweater is a women's sweaters for everyday wardrobes, with a versatile design for casual and seasonal outfits",154,Meet the Angel Wings Heathered Turtleneck Long Sleeve Sweater — sleeved. Part of our women's sweater range. In stock now at VennixStore.,136,sleeved,
gid://shopify/Product/8469425750205,full-size-eyelet-ruffled-hem-tiered-dress-plus-size,Full Size Eyelet Ruffled Hem Tiered Dress Plus Size,Women's Dresses,"Shop Full Size Eyelet Ruffled Hem Tiered Dress Plus Size. Discover quality women's dresses designed for everyday style, comfort and easy wear. Refresh your wardrobe",164,"Full Size Eyelet Ruffled Hem Tiered Dress Plus Size features a an easy-to-style with everyday styling, suited to warm-weather outings and occasion dressing",155,Shop the Full Size Eyelet Ruffled Hem Tiered Dress Plus Size. Part of our women's dress range. Ships free over $50.,115,,
gid://shopify/Product/8469425979581,leopard-print-long-sleeve-shirt-dress-with-contrast-trim,Leopard Print Long Sleeve Shirt Dress with Contrast Trim,Women's Dresses,"Shop Leopard Print Long Sleeve Shirt Dress with Contrast Trim. Discover quality women's dresses designed for everyday style, comfort and easy wear. Refresh your wardrobe",169,"Leopard Print Long Sleeve Shirt Dress with Contrast Trim features a an easy-to-style with everyday styling, suited to warm-weather outings and occasion dressing",160,"Leopard Print Long Sleeve Shirt Dress with Contrast Trim — sleeved, printed. Part of our women's dress range. Free shipping over $50.",133,"sleeved, printed",
gid://shopify/Product/8469426208957,umgee-printed-puff-sleeve-ruffle-neck-top,Umgee Printed Puff Sleeve Ruffle Neck Top,Women's Tops,"Shop Umgee Printed Puff Sleeve Ruffle Neck Top. Discover quality women's tops designed for everyday style, comfort and easy wear. Refresh your wardrobe today and find yo",169,"Umgee Printed Puff Sleeve Ruffle Neck Top features a a practical with a versatile design, creating a polished option for work, weekends, and occasions",150,"Meet the Umgee Printed Puff Sleeve Ruffle Neck Top — ruffled, sleeved, top. Part of our women's top range. Order today at VennixStore.",134,"ruffled, sleeved, top",
gid://shopify/Product/8469426274493,star-contrast-round-neck-long-sleeve-knit-top,Star Contrast Round Neck Long Sleeve Knit Top,Women's Tops,"Shop Star Contrast Round Neck Long Sleeve Knit Top. Discover quality women's tops designed for everyday style, comfort and easy wear. Refresh your wardrobe today and f",167,"Star Contrast Round Neck Long Sleeve Knit Top features a a practical with a versatile design, creating a polished option for work, weekends, and occasions",154,"Shop the Star Contrast Round Neck Long Sleeve Knit Top — sleeved, contrast trim, top. In stock now at VennixStore.",114,"sleeved, contrast trim, top",
gid://shopify/Product/8469426536637,mandy-rolled-cap-sleeve-round-neck-sweater-vest,Mandy Rolled Cap Sleeve Round Neck Sweater Vest,Women's Sweaters,"Shop Mandy Rolled Cap Sleeve Round Neck Sweater Vest. Discover quality women's sweaters designed for everyday style, comfort and easy wear. Refresh your wardrobe today",167,"Mandy Rolled Cap Sleeve Round Neck Sweater Vest is a women's sweaters for everyday wardrobes, with a versatile design for casual and seasonal outfits",149,Mandy Rolled Cap Sleeve Round Neck Sweater Vest — sleeved. Part of our women's sweater range. Ships free over $50.,114,sleeved,
gid://shopify/Product/8469426700477,plaid-deep-v-neck-long-sleeve-slim-fit-blouse,Plaid Deep V-Neck Long Sleeve Slim Fit Blouse,Women's Blouses,"Shop Plaid Deep V-Neck Long Sleeve Slim Fit Blouse. Discover quality women's blouses designed for everyday style, comfort and easy wear. Refresh your wardrobe today an",167,"Plaid Deep V-Neck Long Sleeve Slim Fit Blouse is a women's blouses for everyday wardrobes, with a versatile design for casual and seasonal outfits",146,Meet the Plaid Deep V-Neck Long Sleeve Slim Fit Blouse — sleeved. Part of our women's blous range. Free shipping over $50.,122,sleeved,
gid://shopify/Product/8469427126461,stripe-holly-jolly-letter-embroidered-pullover-sweatshirt,Stripe holly jolly Letter Embroidered Pullover Sweatshirt,Women's Sweatshirts,"Shop Stripe holly jolly Letter Embroidered Pullover Sweatshirt. Discover quality women's sweatshirts designed for everyday style, comfort and easy wear. Refresh your wa",168,"Stripe holly jolly Letter Embroidered Pullover Sweatshirt is a women's sweatshirts for everyday wardrobes, with a versatile design for casual and seasonal.",155,Shop the Stripe holly jolly Letter Embroidered Pullover Sweatshirt. Part of our women's sweatshirt range. Order today at VennixStore.,133,,
gid://shopify/Product/8469427454141,zenana-scuba-dolman-sleeve-sweatshirt,Zenana Scuba Dolman Sleeve Sweatshirt,Women's Sweatshirts,"Shop Zenana Scuba Dolman Sleeve Sweatshirt. Discover quality women's sweatshirts designed for everyday style, comfort and easy wear. Refresh your wardrobe today and f",166,"Zenana Scuba Dolman Sleeve Sweatshirt is a women's sweatshirts for everyday wardrobes, with a versatile design for casual and seasonal outfits",142,Zenana Scuba Dolman Sleeve Sweatshirt — sleeved. Part of our women's sweatshirt range. In stock now at VennixStore.,115,sleeved,
gid://shopify/Product/8469427978429,openwork-cropped-tank-and-split-skirt-set,Openwork Cropped Tank and Split Skirt Set,Women's Sets,"Shop Openwork Cropped Tank and Split Skirt Set. Discover quality women's sets designed for everyday style, comfort and easy wear. Refresh your wardrobe today and find y",168,"Openwork Cropped Tank and Split Skirt Set pairs a coordinated styling with a matching coordinated styling, creating a coordinated look for everyday wear",152,Meet the Openwork Cropped Tank and Split Skirt Set. Part of our women's set range. Ships free over $50.,103,,
gid://shopify/Product/8469428142269,mens-plus-size-zip-up-raglan-sleeve-jacket,Men's Plus Size Zip Up Raglan Sleeve Jacket,Men's Outerwear,"Shop Men's Plus Size Zip Up Raglan Sleeve Jacket. Discover quality men's outerwear designed for everyday style, comfort and easy wear. Refresh your wardrobe today and",166,"Men's Plus Size Zip Up Raglan Sleeve Jacket is a men's outerwear for everyday wardrobes, with a versatile design for casual and seasonal outfits",144,"Shop the Men's Plus Size Zip Up Raglan Sleeve Jacket — zip-through, sleeved. Part of our men's outerwear range. Free shipping over $50.",135,"zip-through, sleeved",
gid://shopify/Product/8469428371645,ribbed-wide-leg-sweater-pants,Ribbed Wide Leg Sweater Pants,Women's Pants,"Shop Ribbed Wide Leg Sweater Pants. Discover quality women's pants designed for everyday style, comfort and easy wear. Refresh your wardrobe today and find your new fa",167,"Ribbed Wide Leg Sweater Pants is a women's pants for everyday wardrobes, with a versatile design for casual and seasonal outfits",128,Ribbed Wide Leg Sweater Pants. Part of our women's pants range. Order today at VennixStore.,91,,
gid://shopify/Product/8469428502717,spaghetti-strap-leopard-long-sleeve-blouse,Spaghetti Strap Leopard Long Sleeve Blouse,Women's Blouses,"Shop Spaghetti Strap Leopard Long Sleeve Blouse. Discover quality women's blouses designed for everyday style, comfort and easy wear. Refresh your wardrobe today and f",167,"Spaghetti Strap Leopard Long Sleeve Blouse is a women's blouses for everyday wardrobes, with a versatile design for casual and seasonal outfits",143,"Meet the Spaghetti Strap Leopard Long Sleeve Blouse — sleeved, leopard print. In stock now at VennixStore.",106,"sleeved, leopard print",
gid://shopify/Product/8469428732093,texture-half-zip-cap-sleeve-mini-dress,Texture Half Zip Cap Sleeve Mini Dress,Women's Dresses,"Shop Texture Half Zip Cap Sleeve Mini Dress. Discover quality women's dresses designed for everyday style, comfort and easy wear. Refresh your wardrobe today and find y",168,"Texture Half Zip Cap Sleeve Mini Dress features a an easy-to-style with everyday styling, suited to warm-weather outings and occasion dressing",142,"Shop the Texture Half Zip Cap Sleeve Mini Dress — zip-through, sleeved, mini length. Ships free over $50.",105,"zip-through, sleeved, mini length",
gid://shopify/Product/8469428928701,umgee-linen-elastic-waist-wide-leg-pants,Umgee Linen Elastic Waist Wide Leg Pants,Women's Pants,"Shop Umgee Linen Elastic Waist Wide Leg Pants. Discover quality women's pants designed for everyday style, comfort and easy wear. Refresh your wardrobe today and find yo",169,"Umgee Linen Elastic Waist Wide Leg Pants is a women's pants for everyday wardrobes, with a versatile design for casual and seasonal outfits",139,Umgee Linen Elastic Waist Wide Leg Pants. Part of our women's pants range. Free shipping over $50.,98,,
gid://shopify/Product/8469429158077,oversized-color-block-crewneck-sweatshirt,Oversized Color-Block Crewneck Sweatshirt,Women's Sweatshirts,"Shop Oversized Color-Block Crewneck Sweatshirt. Discover quality women's sweatshirts designed for everyday style, comfort and easy wear. Refresh your wardrobe today and f",170,"Oversized Color-Block Crewneck Sweatshirt is a women's sweatshirts for everyday wardrobes, with a versatile design for casual and seasonal outfits",146,Meet the Oversized Color-Block Crewneck Sweatshirt. Part of our women's sweatshirt range. Order today at VennixStore.,117,,
gid://shopify/Product/8469429420221,denim-trim-button-detail-sweatshirt,Denim Trim Button Detail Sweatshirt,Women's Sweatshirts,"Shop Denim Trim Button Detail Sweatshirt. Discover quality women's sweatshirts designed for everyday style, comfort and easy wear. Refresh your wardrobe today and find y",169,"Denim Trim Button Detail Sweatshirt is a women's sweatshirts for everyday wardrobes, with a versatile design for casual and seasonal outfits",140,Shop the Denim Trim Button Detail Sweatshirt — button front. Part of our women's sweatshirt range. In stock now at VennixStore.,127,button front,
gid://shopify/Product/8469429616829,zenana-v-neck-short-sleeve-dolman-sweater,Zenana V-Neck Short Sleeve Dolman Sweater,Women's Sweaters,"Shop Zenana V-Neck Short Sleeve Dolman Sweater. Discover quality women's sweaters designed for everyday style, comfort and easy wear. Refresh your wardrobe today and fin",169,"Zenana V-Neck Short Sleeve Dolman Sweater is a women's sweaters for everyday wardrobes, with a versatile design for casual and seasonal outfits",143,Zenana V-Neck Short Sleeve Dolman Sweater — sleeved. Part of our women's sweater range. Ships free over $50.,108,sleeved,
gid://shopify/Product/8469429780669,raw-seam-detail-solid-color-long-sleeve-top,Raw Seam Detail Solid Color Long Sleeve Top,Women's Tops,"Shop Raw Seam Detail Solid Color Long Sleeve Top. Discover quality women's tops designed for everyday style, comfort and easy wear. Refresh your wardrobe today and find y",170,"Raw Seam Detail Solid Color Long Sleeve Top features a a practical with a versatile design, creating a polished option for work, weekends, and occasions",152,"Meet the Raw Seam Detail Solid Color Long Sleeve Top — sleeved, top. Part of our women's top range. Free shipping over $50.",123,"sleeved, top",
gid://shopify/Product/8469429944509,lace-button-up-long-sleeve-shirt,Lace Button Up Long Sleeve Shirt,Women's Shirts,"Shop Lace Button Up Long Sleeve Shirt. Discover quality women's shirts designed for everyday style, comfort and easy wear. Refresh your wardrobe today and find your new",168,"Lace Button Up Long Sleeve Shirt is a women's shirts for everyday wardrobes, with a versatile design for casual and seasonal outfits",132,"Shop the Lace Button Up Long Sleeve Shirt — button front, sleeved. Part of our women's shirt range. Order today at VennixStore.",127,"button front, sleeved",
gid://shopify/Product/8469430173885,western-patchwork-cow-drop-shoulder-sweatshirt,Western Patchwork Cow Drop Shoulder Sweatshirt,Women's Sweatshirts,"Shop Western Patchwork Cow Drop Shoulder Sweatshirt. Discover quality women's sweatshirts designed for everyday style, comfort and easy wear. Refresh your wardrobe today ",170,"Western Patchwork Cow Drop Shoulder Sweatshirt is a women's sweatshirts for everyday wardrobes, with a versatile design for casual and seasonal outfits",151,Western Patchwork Cow Drop Shoulder Sweatshirt. Part of our women's sweatshirt range. In stock now at VennixStore.,114,,
gid://shopify/Product/8469430304957,zenana-seamless-winkle-stone-washed-tank-top,Zenana Seamless Winkle Stone Washed Tank Top,Women's Tops,"Shop Zenana Seamless Winkle Stone Washed Tank Top. Discover quality women's tops designed for everyday style, comfort and easy wear. Refresh your wardrobe today and find",169,"Zenana Seamless Winkle Stone Washed Tank Top features a a practical with a versatile design, creating a polished option for work, weekends, and occasions",153,Meet the Zenana Seamless Winkle Stone Washed Tank Top — top. Part of our women's top range. Ships free over $50.,112,top,
gid://shopify/Product/8469430468797,umgee-abstract-print-babydoll-mini-dress,Umgee Abstract Print Babydoll Mini Dress,Women's Dresses,"Shop Umgee Abstract Print Babydoll Mini Dress. Discover quality women's dresses designed for everyday style, comfort and easy wear. Refresh your wardrobe today and find yo",171,"Umgee Abstract Print Babydoll Mini Dress features a an easy-to-style with everyday styling, suited to warm-weather outings and occasion dressing",144,"Shop the Umgee Abstract Print Babydoll Mini Dress — mini length, printed. Part of our women's dress range. Free shipping over $50.",130,"mini length, printed",
gid://shopify/Product/8469430698173,full-size-hollow-out-round-neck-top-plus-size,Full Size Hollow Out Round Neck Top Plus Size,Women's Tops,"Shop Full Size Hollow Out Round Neck Top Plus Size. Discover quality women's tops designed for everyday style, comfort and easy wear. Refresh your wardrobe today and find",170,"Full Size Hollow Out Round Neck Top Plus Size features a a practical with a versatile design, creating a polished option for work, weekends, and occasions",154,Full Size Hollow Out Round Neck Top Plus Size — top. Part of our women's top range. Order today at VennixStore.,111,top,
gid://shopify/Product/8469430894781,graphic-round-neck-casual-sweatshirt,Graphic Round Neck Casual Sweatshirt,Women's Sweatshirts,"Shop Graphic Round Neck Casual Sweatshirt. Discover quality women's sweatshirts designed for everyday style, comfort and easy wear. Refresh your wardrobe today and find y",170,"Graphic Round Neck Casual Sweatshirt is a women's sweatshirts for everyday wardrobes, with a versatile design for casual and seasonal outfits",141,Meet the Graphic Round Neck Casual Sweatshirt — graphic print. Part of our women's sweatshirt range. In stock now at VennixStore.,129,graphic print,
gid://shopify/Product/8469431255229,full-size-ruffled-hem-v-neck-sleeveless-dress-plus-size,Full Size Ruffled Hem V-Neck Sleeveless Dress Plus Size,Women's Dresses,"Shop Full Size Ruffled Hem V-Neck Sleeveless Dress Plus Size. Discover quality women's dresses designed for everyday style, comfort and easy wear. Refresh your wardrobe today",174,"Full Size Ruffled Hem V-Neck Sleeveless Dress Plus Size features a an easy-to-style with everyday styling, suited to warm-weather outings and occasion dressing",159,Shop the Full Size Ruffled Hem V-Neck Sleeveless Dress Plus Size. Part of our women's dress range. Ships free over $50.,119,,
gid://shopify/Product/8469518090429,mens-plus-size-drawstring-casual-hooded-parka-coat,Men's Plus Size Drawstring Casual Hooded Parka Coat,Men's Outerwear,"Shop Men's Plus Size Drawstring Casual Hooded Parka Coat. Discover quality men's outerwear designed for everyday style, comfort and easy wear. Refresh your wardrobe today",170,"Men's Plus Size Drawstring Casual Hooded Parka Coat is a men's outerwear for everyday wardrobes, with a versatile design for casual and seasonal outfits",152,Men's Plus Size Drawstring Casual Hooded Parka Coat. Part of our men's outerwear range. Free shipping over $50.,111,,
gid://shopify/Product/8469518254269,mens-plus-size-classic-button-up-denim-blazer,Men's Plus Size Classic Button Up Denim Blazer,Men's Outerwear,"Shop Men's Plus Size Classic Button Up Denim Blazer. Discover quality men's outerwear designed for everyday style, comfort and easy wear. Refresh your wardrobe today and f",171,"Men's Plus Size Classic Button Up Denim Blazer is a men's outerwear for everyday wardrobes, with a versatile design for casual and seasonal outfits",147,Meet the Men's Plus Size Classic Button Up Denim Blazer — button front. Part of our men's outerwear range. Order today at VennixStore.,134,button front,
gid://shopify/Product/8469518287037,mens-plus-size-zip-up-motorcycle-jacket,Men's Plus Size Zip Up Motorcycle Jacket,Men's Outerwear,"Shop Men's Plus Size Zip Up Motorcycle Jacket. Discover quality men's outerwear designed for everyday style, comfort and easy wear. Refresh your wardrobe today and find",168,"Men's Plus Size Zip Up Motorcycle Jacket is a men's outerwear for everyday wardrobes, with a versatile design for casual and seasonal outfits",141,Shop the Men's Plus Size Zip Up Motorcycle Jacket — zip-through. Part of our men's outerwear range. In stock now at VennixStore.,128,zip-through,
gid://shopify/Product/8469518319805,mens-plus-size-zip-up-bomber-jacket,Men's Plus Size Zip Up Bomber Jacket,Men's Outerwear,"Shop Men's Plus Size Zip Up Bomber Jacket. Discover quality men's outerwear designed for everyday style, comfort and easy wear. Refresh your wardrobe today and find your",169,"Men's Plus Size Zip Up Bomber Jacket is a men's outerwear for everyday wardrobes, with a versatile design for casual and seasonal outfits",137,Men's Plus Size Zip Up Bomber Jacket — zip-through. Part of our men's outerwear range. Ships free over $50.,107,zip-through,
gid://shopify/Product/8469518352573,mens-plus-size-dual-chest-pockets-shacket,Men's Plus Size Dual Chest Pockets Shacket,Men's Outerwear,"Shop Men's Plus Size Dual Chest Pockets Shacket. Discover quality men's outerwear designed for everyday style, comfort and easy wear. Refresh your wardrobe today and find y",172,"Men's Plus Size Dual Chest Pockets Shacket is a men's outerwear for everyday wardrobes, with a versatile design for casual and seasonal outfits",143,Meet the Men's Plus Size Dual Chest Pockets Shacket. Part of our men's outerwear range. Free shipping over $50.,111,,
gid://shopify/Product/8469518385341,mens-plus-size-stand-collar-leather-moto-jacket,Men's Plus Size Stand Collar Leather Moto Jacket,Men's Outerwear,"Shop Men's Plus Size Stand Collar Leather Moto Jacket. Discover quality men's outerwear designed for everyday style, comfort and easy wear. Refresh your wardrobe today an",170,"Men's Plus Size Stand Collar Leather Moto Jacket is a men's outerwear for everyday wardrobes, with a versatile design for casual and seasonal outfits",149,Shop the Men's Plus Size Stand Collar Leather Moto Jacket. Part of our men's outerwear range. Order today at VennixStore.,121,,
gid://shopify/Product/8469518418109,mens-plus-size-slim-fit-velvet-blazer,Men's Plus Size Slim Fit Velvet Blazer,Men's Outerwear,"Shop Men's Plus Size Slim Fit Velvet Blazer. Discover quality men's outerwear designed for everyday style, comfort and easy wear. Refresh your wardrobe today and find your",171,"Men's Plus Size Slim Fit Velvet Blazer is a men's outerwear for everyday wardrobes, with a versatile design for casual and seasonal outfits",139,Men's Plus Size Slim Fit Velvet Blazer. Part of our men's outerwear range. In stock now at VennixStore.,103,,
gid://shopify/Product/8469518614717,mens-plus-size-zip-up-hooded-padded-puffer-jacket,Men's Plus Size Zip Up Hooded Padded Puffer Jacket,Men's Outerwear,"Shop Men's Plus Size Zip Up Hooded Padded Puffer Jacket. Discover quality men's outerwear designed for everyday style, comfort and easy wear. Refresh your wardrobe toda",168,"Men's Plus Size Zip Up Hooded Padded Puffer Jacket is a men's outerwear for everyday wardrobes, with a versatile design for casual and seasonal outfits",151,Meet the Men's Plus Size Zip Up Hooded Padded Puffer Jacket — zip-through. Part of our men's outerwear range. Ships free over $50.,130,zip-through,
gid://shopify/Product/8469518647485,mens-plus-size-zip-up-hooded-contrast-puffer-jacket,Men's Plus Size Zip Up Hooded Contrast Puffer Jacket,Men's Outerwear,"Shop Men's Plus Size Zip Up Hooded Contrast Puffer Jacket. Discover quality men's outerwear designed for everyday style, comfort and easy wear. Refresh your wardrobe tod",169,"Men's Plus Size Zip Up Hooded Contrast Puffer Jacket is a men's outerwear for everyday wardrobes, with a versatile design for casual and seasonal outfits",153,"Shop the Men's Plus Size Zip Up Hooded Contrast Puffer Jacket — zip-through, contrast trim. Free shipping over $50.",115,"zip-through, contrast trim",
gid://shopify/Product/8469518713021,mens-full-size-full-zip-outdoor-jacket-plus-size,Men's Full Size Full-Zip Outdoor Jacket Plus Size,Men's Outerwear,"Shop Men's Full Size Full-Zip Outdoor Jacket Plus Size. Discover quality men's outerwear designed for everyday style, comfort and easy wear. Refresh your wardrobe today an",171,"Men's Full Size Full-Zip Outdoor Jacket Plus Size is a men's outerwear for everyday wardrobes, with a versatile design for casual and seasonal outfits",150,Men's Full Size Full-Zip Outdoor Jacket Plus Size — zip-through. Part of our men's outerwear range. Order today at VennixStore.,127,zip-through,
gid://shopify/Product/8469518745789,mens-full-size-longline-hooded-down-coat-plus-size,Men's Full Size Longline Hooded Down Coat Plus Size,Men's Outerwear,"Shop Men's Full Size Longline Hooded Down Coat Plus Size. Discover quality men's outerwear designed for everyday style, comfort and easy wear. Refresh your wardrobe",164,"Men's Full Size Longline Hooded Down Coat Plus Size is a men's outerwear for everyday wardrobes, with a versatile design for casual and seasonal outfits",152,Meet the Men's Full Size Longline Hooded Down Coat Plus Size. Part of our men's outerwear range. In stock now at VennixStore.,125,,
gid://shopify/Product/8469518778557,button-detail-long-sleeve-shirt,Button Detail Long Sleeve Shirt,Women's Tops,"Shop Button Detail Long Sleeve Shirt. Discover quality women's tops designed for everyday style, comfort and easy wear. Refresh your wardrobe today and find your new favorite at",177,"Button Detail Long Sleeve Shirt features a a practical with a versatile design, creating a polished option for work, weekends, and occasions",140,"Shop the Button Detail Long Sleeve Shirt — button front, sleeved. Part of our women's top range. Ships free over $50.",117,"button front, sleeved",
gid://shopify/Product/8469518811325,mens-plus-size-zip-up-long-sleeve-jacket,Men's Plus Size Zip Up Long Sleeve Jacket,Men's Outerwear,"Shop Men's Plus Size Zip Up Long Sleeve Jacket. Discover quality men's outerwear designed for everyday style, comfort and easy wear. Refresh your wardrobe today and find",169,"Men's Plus Size Zip Up Long Sleeve Jacket is a men's outerwear for everyday wardrobes, with a versatile design for casual and seasonal outfits",142,"Men's Plus Size Zip Up Long Sleeve Jacket — zip-through, sleeved. Part of our men's outerwear range. Free shipping over $50.",124,"zip-through, sleeved",
gid://shopify/Product/8469518909629,mens-plus-size-vibrant-leaf-print-blazer,Men's Plus Size Vibrant Leaf Print Blazer,Men's Outerwear,"Shop Men's Plus Size Vibrant Leaf Print Blazer. Discover quality men's outerwear designed for everyday style, comfort and easy wear. Refresh your wardrobe today and find your",174,"Men's Plus Size Vibrant Leaf Print Blazer is a men's outerwear for everyday wardrobes, with a versatile design for casual and seasonal outfits",142,Meet the Men's Plus Size Vibrant Leaf Print Blazer — printed. Part of our men's outerwear range. Order today at VennixStore.,124,printed,
gid://shopify/Product/8469519040701,mens-plus-size-zip-up-long-sleeve-jacket-1,Men's Plus Size Zip Up Long Sleeve Jacket,Men's Outerwear,"Shop Men's Plus Size Zip Up Long Sleeve Jacket. Discover quality men's outerwear designed for everyday style, comfort and easy wear. Refresh your wardrobe today and find",169,"Men's Plus Size Zip Up Long Sleeve Jacket is a men's outerwear for everyday wardrobes, with a versatile design for casual and seasonal outfits",142,"Shop the Men's Plus Size Zip Up Long Sleeve Jacket — zip-through, sleeved. Part of our men's outerwear range. In stock now at VennixStore.",138,"zip-through, sleeved",
gid://shopify/Product/8469519073469,mens-full-size-casual-linen-long-sleeve-polo-shirt-plus-size,Men's Full Size Casual Linen Long Sleeve Polo Shirt Plus Size,Men's Polo Shirts,"Shop Men's Full Size Casual Linen Long Sleeve Polo Shirt Plus Size. Discover quality men's polo shirts designed for everyday style, comfort and easy wear. Refresh your",167,"Men's Full Size Casual Linen Long Sleeve Polo Shirt Plus Size features a a practical design with a versatile design, suited to casual outfits and.",146,Men's Full Size Casual Linen Long Sleeve Polo Shirt Plus Size — sleeved. Part of our men's polo shirt range. Ships free over $50.,129,sleeved,
gid://shopify/Product/8469519106237,mens-plus-size-hooded-colorblock-lightweight-jacket,Men's Plus Size Hooded Colorblock Lightweight Jacket,Men's Outerwear,"Shop Men's Plus Size Hooded Colorblock Lightweight Jacket. Discover quality men's outerwear designed for everyday style, comfort and easy wear. Refresh your wardrobe today and",175,"Men's Plus Size Hooded Colorblock Lightweight Jacket is a men's outerwear for everyday wardrobes, with a versatile design for casual and seasonal outfits",153,Meet the Men's Plus Size Hooded Colorblock Lightweight Jacket. Part of our men's outerwear range. Free shipping over $50.,121,,
gid://shopify/Product/8469519171773,mens-full-size-leather-biker-jacket-with-zipper-pockets-plus-size,Men's Full Size Leather Biker Jacket with Zipper Pockets Plus Size,Men's Outerwear,"Shop Men's Full Size Leather Biker Jacket with Zipper Pockets Plus Size. Discover quality men's outerwear designed for everyday style, comfort and easy wear. Refresh your",170,"Men's Full Size Leather Biker Jacket with Zipper Pockets Plus Size is a men's outerwear for everyday wardrobes, with a versatile design for casual and.",151,Shop the Men's Full Size Leather Biker Jacket with Zipper Pockets Plus Size — zip-through. Order today at VennixStore.,118,zip-through,
gid://shopify/Product/8469519270077,mens-plus-size-lapel-collar-button-up-blazer,Men's Plus Size Lapel Collar Button Up Blazer,Men's Outerwear,"Shop Men's Plus Size Lapel Collar Button Up Blazer. Discover quality men's outerwear designed for everyday style, comfort and easy wear. Refresh your wardrobe today and find yo",176,"Men's Plus Size Lapel Collar Button Up Blazer is a men's outerwear for everyday wardrobes, with a versatile design for casual and seasonal outfits",146,Men's Plus Size Lapel Collar Button Up Blazer — button front. Part of our men's outerwear range. In stock now at VennixStore.,125,button front,
gid://shopify/Product/8469519302845,mens-plus-size-letter-back-round-neck-t-shirt,Men's Plus Size Letter Back Round Neck T-Shirt,Men's Tops,"Shop Men's Plus Size Letter Back Round Neck T-Shirt. Discover quality men's tops designed for everyday style, comfort and easy wear. Refresh your wardrobe today and find your",174,"Men's Plus Size Letter Back Round Neck T-Shirt is a men's tops for everyday wardrobes, with a versatile design for casual and seasonal outfits",142,Meet the Men's Plus Size Letter Back Round Neck T-Shirt. Part of our men's top range. Ships free over $50.,106,,
gid://shopify/Product/8469519368381,mens-full-size-camouflage-hooded-faux-leather-jacket-plus-size,Men's Full Size Camouflage Hooded Faux Leather Jacket Plus Size,Men's Outerwear,"Shop Men's Full Size Camouflage Hooded Faux Leather Jacket Plus Size. Discover quality men's outerwear designed for everyday style, comfort and easy wear. Refresh your",167,"Men's Full Size Camouflage Hooded Faux Leather Jacket Plus Size is a men's outerwear for everyday wardrobes, with a versatile design for casual and seasonal.",157,Shop the Men's Full Size Camouflage Hooded Faux Leather Jacket Plus Size. Part of our men's outerwear range. Free shipping over $50.,132,,
gid://shopify/Product/8469519401149,mens-plus-size-vintage-motorcycle-faux-leather-bomber-jacket,Men's Plus Size Vintage Motorcycle Faux Leather Bomber Jacket,Men's Outerwear,"Shop Men's Plus Size Vintage Motorcycle Faux Leather Bomber Jacket. Discover quality men's outerwear designed for everyday style, comfort and easy wear. Refresh your",165,"Men's Plus Size Vintage Motorcycle Faux Leather Bomber Jacket is a men's outerwear for everyday wardrobes, with a versatile design for casual and seasonal.",155,Men's Plus Size Vintage Motorcycle Faux Leather Bomber Jacket. Part of our men's outerwear range. Order today at VennixStore.,125,,
gid://shopify/Product/8469519499453,mens-plus-size-camouflage-zip-up-bomber-jacket,Men's Plus Size Camouflage Zip Up Bomber Jacket,Men's Outerwear,"Shop Men's Plus Size Camouflage Zip Up Bomber Jacket. Discover quality men's outerwear designed for everyday style, comfort and easy wear. Refresh your wardrobe today and",170,"Men's Plus Size Camouflage Zip Up Bomber Jacket is a men's outerwear for everyday wardrobes, with a versatile design for casual and seasonal outfits",148,Meet the Men's Plus Size Camouflage Zip Up Bomber Jacket — zip-through. Part of our men's outerwear range. In stock now at VennixStore.,135,zip-through,
gid://shopify/Product/8469519532221,mens-plus-size-hooded-windproof-casual-jacket,Men's Plus Size Hooded Windproof Casual Jacket,Men's Outerwear,"Shop Men's Plus Size Hooded Windproof Casual Jacket. Discover quality men's outerwear designed for everyday style, comfort and easy wear. Refresh your wardrobe today and find",174,"Men's Plus Size Hooded Windproof Casual Jacket is a men's outerwear for everyday wardrobes, with a versatile design for casual and seasonal outfits",147,Shop the Men's Plus Size Hooded Windproof Casual Jacket. Part of our men's outerwear range. Ships free over $50.,112,,
gid://shopify/Product/8469519564989,mens-full-size-hooded-faux-leather-motorcycle-jacket-plus-size,Men's Full Size Hooded Faux Leather Motorcycle Jacket Plus Size,Men's Outerwear,"Shop Men's Full Size Hooded Faux Leather Motorcycle Jacket Plus Size. Discover quality men's outerwear designed for everyday style, comfort and easy wear. Refresh your",167,"Men's Full Size Hooded Faux Leather Motorcycle Jacket Plus Size is a men's outerwear for everyday wardrobes, with a versatile design for casual and seasonal.",157,Men's Full Size Hooded Faux Leather Motorcycle Jacket Plus Size. Part of our men's outerwear range. Free shipping over $50.,123,,
gid://shopify/Product/8469519630525,mens-plus-size-plaid-button-up-casual-shacket,Men's Plus Size Plaid Button Up Casual Shacket,Men's Outerwear,"Shop Men's Plus Size Plaid Button Up Casual Shacket. Discover quality men's outerwear designed for everyday style, comfort and easy wear. Refresh your wardrobe today and find",174,"Men's Plus Size Plaid Button Up Casual Shacket is a men's outerwear for everyday wardrobes, with a versatile design for casual and seasonal outfits",147,Meet the Men's Plus Size Plaid Button Up Casual Shacket — button front. Part of our men's outerwear range. Order today at VennixStore.,134,button front,
gid://shopify/Product/8469519696061,mens-plus-size-lapel-collar-long-sleeve-outerwear,Men's Plus Size Lapel Collar Long Sleeve Outerwear,Men's Outerwear,"Shop Men's Plus Size Lapel Collar Long Sleeve Outerwear. Discover quality men's outerwear designed for everyday style, comfort and easy wear. Refresh your wardrobe today and find",178,"Men's Plus Size Lapel Collar Long Sleeve Outerwear is a men's outerwear for everyday wardrobes, with a versatile design for casual and seasonal outfits",151,Shop the Men's Plus Size Lapel Collar Long Sleeve Outerwear — sleeved. Part of our men's outerwear range. In stock now at VennixStore.,134,sleeved,
gid://shopify/Product/8469519859901,mens-plus-size-zip-up-hooded-puffer-jacket,Men's Plus Size Zip Up Hooded Puffer Jacket,Men's Outerwear,"Shop Men's Plus Size Zip Up Hooded Puffer Jacket. Discover quality men's outerwear designed for everyday style, comfort and easy wear. Refresh your wardrobe today and find your",176,"Men's Plus Size Zip Up Hooded Puffer Jacket is a men's outerwear for everyday wardrobes, with a versatile design for casual and seasonal outfits",144,Men's Plus Size Zip Up Hooded Puffer Jacket — zip-through. Part of our men's outerwear range. Ships free over $50.,114,zip-through,
gid://shopify/Product/8469519892669,mens-plus-size-hooded-outdoor-windproof-coat,Men's Plus Size Hooded Outdoor Windproof Coat,Men's Outerwear,"Shop Men's Plus Size Hooded Outdoor Windproof Coat. Discover quality men's outerwear designed for everyday style, comfort and easy wear. Refresh your wardrobe today and find your",178,"Men's Plus Size Hooded Outdoor Windproof Coat is a men's outerwear for everyday wardrobes, with a versatile design for casual and seasonal outfits",146,Meet the Men's Plus Size Hooded Outdoor Windproof Coat. Part of our men's outerwear range. Free shipping over $50.,114,,
gid://shopify/Product/8469519925437,mens-plus-size-contrast-trim-zip-up-jacket,Men's Plus Size Contrast Trim Zip Up Jacket,Men's Outerwear,"Shop Men's Plus Size Contrast Trim Zip Up Jacket. Discover quality men's outerwear designed for everyday style, comfort and easy wear. Refresh your wardrobe today and find your new",180,"Men's Plus Size Contrast Trim Zip Up Jacket is a men's outerwear for everyday wardrobes, with a versatile design for casual and seasonal outfits",144,Shop the Men's Plus Size Contrast Trim Zip Up Jacket — zip-through. Part of our men's outerwear range. Order today at VennixStore.,130,zip-through,
gid://shopify/Product/8469520056509,mens-plus-size-striped-zip-up-jacket,Men's Plus Size Striped Zip Up Jacket,Men's Outerwear,"Shop Men's Plus Size Striped Zip Up Jacket. Discover quality men's outerwear designed for everyday style, comfort and easy wear. Refresh your wardrobe today and find your new favorite at",186,"Men's Plus Size Striped Zip Up Jacket is a men's outerwear for everyday wardrobes, with a versatile design for casual and seasonal outfits",138,Men's Plus Size Striped Zip Up Jacket — zip-through. Part of our men's outerwear range. In stock now at VennixStore.,116,zip-through,
gid://shopify/Product/8490969923773,faux-leather-moto-jacket-with-asymmetrical-zip,Faux Leather Moto Jacket with Asymmetrical Zip,Women's Outerwear,"Shop Faux Leather Moto Jacket with Asymmetrical Zip. Discover quality women's outerwear designed for everyday style, comfort and easy wear. Refresh your wardrobe today and find your",181,"Faux Leather Moto Jacket with Asymmetrical Zip is a women's outerwear for everyday wardrobes, with a versatile design for casual and seasonal outfits",149,Meet the Faux Leather Moto Jacket with Asymmetrical Zip — zip-through. Part of our women's outerwear range. Ships free over $50.,128,zip-through,
gid://shopify/Product/8490970153149,full-size-halloween-pumpkin-loose-knit-cover-up-plus-size,Full Size Halloween Pumpkin Loose Knit Cover Up Plus Size,Women's Tops,"Shop Full Size Halloween Pumpkin Loose Knit Cover Up Plus Size. Discover quality women's tops designed for everyday style, comfort and easy wear. Refresh your wardrobe today and",177,"Full Size Halloween Pumpkin Loose Knit Cover Up Plus Size features a a practical with a versatile design, creating a polished option for work, weekends, and.",157,Shop the Full Size Halloween Pumpkin Loose Knit Cover Up Plus Size. Part of our women's top range. Free shipping over $50.,122,,
gid://shopify/Product/8490970415293,off-shoulder-ruched-lace-mermaid-maxi-dress,Off-Shoulder Ruched Lace Mermaid Maxi Dress,Women's Dresses,"Shop Off-Shoulder Ruched Lace Mermaid Maxi Dress. Discover quality women's dresses designed for everyday style, comfort and easy wear. Refresh your wardrobe today and find your new f",182,"Off-Shoulder Ruched Lace Mermaid Maxi Dress features a an easy-to-style with everyday styling, suited to warm-weather outings and occasion dressing",147,Off-Shoulder Ruched Lace Mermaid Maxi Dress — maxi length. Part of our women's dress range. Order today at VennixStore.,119,maxi length,
gid://shopify/Product/8490970611901,double-take-full-size-openwork-contrast-long-sleeve-hooded-sweater-plus-size,Double Take Full Size Openwork Contrast Long Sleeve Hooded Sweater Plus Size,Women's Sweaters,"Shop Double Take Full Size Openwork Contrast Long Sleeve Hooded Sweater Plus Size. Discover quality women's sweaters designed for everyday style, comfort and easy wear. Refresh",176,"Double Take Full Size Openwork Contrast Long Sleeve Hooded Sweater Plus Size is a women's sweaters for everyday wardrobes, with a versatile design for.",151,"Meet the Double Take Full Size Openwork Contrast Long Sleeve Hooded Sweater Plus Size — sleeved, contrast trim. In stock now at VennixStore.",140,"sleeved, contrast trim",
gid://shopify/Product/8490970972349,halloween-rhinestone-pumpkin-face-contrast-ribbed-long-sleeve-patchwork-top,Halloween Rhinestone Pumpkin Face Contrast Ribbed Long Sleeve Patchwork Top,Women's Tops,"Shop Halloween Rhinestone Pumpkin Face Contrast Ribbed Long Sleeve Patchwork Top. Discover quality women's tops designed for everyday style, comfort and easy wear. Refresh your",176,"Halloween Rhinestone Pumpkin Face Contrast Ribbed Long Sleeve Patchwork Top features a a practical with a versatile design, creating a polished option for.",155,"Shop the Halloween Rhinestone Pumpkin Face Contrast Ribbed Long Sleeve Patchwork Top — sleeved, contrast trim, top. Ships free over $50.",136,"sleeved, contrast trim, top",
gid://shopify/Product/8490971201725,plus-size-halloween-ghost-and-pumpkin-print-top-and-pants-lounge-set,Plus Size Halloween Ghost and Pumpkin Print Top and Pants Lounge Set,Women's Sets,"Shop Plus Size Halloween Ghost and Pumpkin Print Top and Pants Lounge Set. Discover quality women's sets designed for everyday style, comfort and easy wear. Refresh your",169,"Plus Size Halloween Ghost and Pumpkin Print Top and Pants Lounge Set pairs a coordinated styling with a matching coordinated styling, creating a coordinated.",157,"Plus Size Halloween Ghost and Pumpkin Print Top and Pants Lounge Set — printed, top. Free shipping over $50.",108,"printed, top",
gid://shopify/Product/8490971431101,satin-mini-dress-with-lace-detachable-cape,Satin Mini Dress with Lace Detachable Cape,Women's Dresses,"Shop Satin Mini Dress with Lace Detachable Cape. Discover quality women's dresses designed for everyday style, comfort and easy wear. Refresh your wardrobe today and find your new",179,"Satin Mini Dress with Lace Detachable Cape features a an easy-to-style with everyday styling, suited to warm-weather outings and occasion dressing",146,Meet the Satin Mini Dress with Lace Detachable Cape — mini length. Part of our women's dress range. Order today at VennixStore.,127,mini length,
gid://shopify/Product/8490971627709,geometric-pattern-long-sleeve-sweater,Geometric Pattern Long Sleeve Sweater,Women's Sweaters,"Shop Geometric Pattern Long Sleeve Sweater. Discover quality women's sweaters designed for everyday style, comfort and easy wear. Refresh your wardrobe today and find your new fav",179,"Geometric Pattern Long Sleeve Sweater is a women's sweaters for everyday wardrobes, with a versatile design for casual and seasonal outfits",139,Shop the Geometric Pattern Long Sleeve Sweater — sleeved. Part of our women's sweater range. In stock now at VennixStore.,121,sleeved,
gid://shopify/Product/8490971791549,rhinestone-embellished-mock-neck-long-sleeve-maxi-dress,Rhinestone Embellished Mock Neck Long Sleeve Maxi Dress,Women's Dresses,"Shop Rhinestone Embellished Mock Neck Long Sleeve Maxi Dress. Discover quality women's dresses designed for everyday style, comfort and easy wear. Refresh your wardrobe today",174,"Rhinestone Embellished Mock Neck Long Sleeve Maxi Dress features a an easy-to-style with everyday styling, suited to warm-weather outings and occasion dressing",159,"Rhinestone Embellished Mock Neck Long Sleeve Maxi Dress — sleeved, maxi length. Part of our women's dress range. Ships free over $50.",133,"sleeved, maxi length",
gid://shopify/Product/8490971955389,double-take-full-size-pumpkin-button-up-long-sleeve-cardigan-plus-size,Double Take Full Size Pumpkin Button Up Long Sleeve Cardigan Plus Size,Women's Cardigans,"Shop Double Take Full Size Pumpkin Button Up Long Sleeve Cardigan Plus Size. Discover quality women's cardigans designed for everyday style, comfort and easy wear. Refresh your",176,"Double Take Full Size Pumpkin Button Up Long Sleeve Cardigan Plus Size is a women's cardigans for everyday wardrobes, with a versatile design for casual and.",157,"Meet the Double Take Full Size Pumpkin Button Up Long Sleeve Cardigan Plus Size — button front, sleeved. Free shipping over $50.",128,"button front, sleeved",
gid://shopify/Product/8490972184765,halloween-pumpkin-print-long-sleeve-two-piece-lounge-set,Halloween Pumpkin Print Long Sleeve Two Piece Lounge Set,Women's Sets,"Shop Halloween Pumpkin Print Long Sleeve Two Piece Lounge Set. Discover quality women's sets designed for everyday style, comfort and easy wear. Refresh your wardrobe today and",176,"Halloween Pumpkin Print Long Sleeve Two Piece Lounge Set pairs a coordinated styling with a matching coordinated styling, creating a coordinated look for.",154,"Shop the Halloween Pumpkin Print Long Sleeve Two Piece Lounge Set — sleeved, printed. Order today at VennixStore.",113,"sleeved, printed",
gid://shopify/Product/8490972381373,lace-keyhole-high-slit-maxi-dress,Lace Keyhole High-Slit Maxi Dress,Women's Dresses,"Shop Lace Keyhole High-Slit Maxi Dress. Discover quality women's dresses designed for everyday style, comfort and easy wear. Refresh your wardrobe today and find your new favor",176,"Lace Keyhole High-Slit Maxi Dress features a an easy-to-style with everyday styling, suited to warm-weather outings and occasion dressing",137,Lace Keyhole High-Slit Maxi Dress — maxi length. Part of our women's dress range. In stock now at VennixStore.,110,maxi length,
gid://shopify/Product/8490972577981,double-take-full-size-printed-ruffle-hem-long-sleeve-dress-plus-size,Double Take Full Size Printed Ruffle Hem Long Sleeve Dress Plus Size,Women's Dresses,"Shop Double Take Full Size Printed Ruffle Hem Long Sleeve Dress Plus Size. Discover quality women's dresses designed for everyday style, comfort and easy wear. Refresh your",172,"Double Take Full Size Printed Ruffle Hem Long Sleeve Dress Plus Size features a an easy-to-style with everyday styling, suited to warm-weather outings and.",155,"Meet the Double Take Full Size Printed Ruffle Hem Long Sleeve Dress Plus Size — ruffled, sleeved. Ships free over $50.",118,"ruffled, sleeved",
gid://shopify/Product/8490972741821,gothic-punk-star-charm-toggle-necklace,Gothic Punk Star Charm Toggle Necklace,Necklaces,"Shop Gothic Punk Star Charm Toggle Necklace. Discover quality necklaces designed for everyday style, comfort and easy wear. Refresh your wardrobe today and find your new favorite at",181,"Gothic Punk Star Charm Toggle Necklace is a necklaces for everyday wardrobes, with a versatile design for casual and seasonal outfits",133,Shop the Gothic Punk Star Charm Toggle Necklace. Part of our necklace range. Free shipping over $50.,100,,
gid://shopify/Product/8490972938429,halloween-ghost-graphic-round-neck-sweatshirt,Halloween Ghost Graphic Round Neck Sweatshirt,Women's Sweatshirts,"Shop Halloween Ghost Graphic Round Neck Sweatshirt. Discover quality women's sweatshirts designed for everyday style, comfort and easy wear. Refresh your wardrobe today and f",174,"Halloween Ghost Graphic Round Neck Sweatshirt is a women's sweatshirts for everyday wardrobes, with a versatile design for casual and seasonal outfits",150,Halloween Ghost Graphic Round Neck Sweatshirt — graphic print. Part of our women's sweatshirt range. Order today at VennixStore.,128,graphic print,
gid://shopify/Product/8490973233341,full-size-halloween-ghost-graphic-short-sleeve-t-shirt-plus-size,Full Size Halloween Ghost Graphic Short Sleeve T-Shirt Plus Size,Women's Tops,"Shop Full Size Halloween Ghost Graphic Short Sleeve T-Shirt Plus Size. Discover quality women's tops designed for everyday style, comfort and easy wear. Refresh your wardrobe today",180,"Full Size Halloween Ghost Graphic Short Sleeve T-Shirt Plus Size features a a practical with a versatile design, creating a polished option for work.",149,"Meet the Full Size Halloween Ghost Graphic Short Sleeve T-Shirt Plus Size — sleeved, graphic print. In stock now at VennixStore.",128,"sleeved, graphic print",
gid://shopify/Product/8490973331645,multicolour-leopard-print-western-style-wide-leg-full-length-pants,Multicolour Leopard Print Western Style Wide Leg Full Length Pants,Women's Pants,"Shop Multicolour Leopard Print Western Style Wide Leg Full Length Pants. Discover quality women's pants designed for everyday style, comfort and easy wear. Refresh your wardrobe today",183,"Multicolour Leopard Print Western Style Wide Leg Full Length Pants is a women's pants for everyday wardrobes, with a versatile design for casual and.",149,Shop the Multicolour Leopard Print Western Style Wide Leg Full Length Pants — printed. Ships free over $50.,107,printed,
gid://shopify/Product/8490973561021,staying-alive-funny-skeleton-graphic-round-neck-t-shirt,STAYING ALIVE Funny Skeleton Graphic Round Neck T Shirt,Women's Tops,"Shop STAYING ALIVE Funny Skeleton Graphic Round Neck T Shirt. Discover quality women's tops designed for everyday style, comfort and easy wear. Refresh your wardrobe today and find",180,"STAYING ALIVE Funny Skeleton Graphic Round Neck T Shirt features a a practical with a versatile design, creating a polished option for work, weekends, and.",155,STAYING ALIVE Funny Skeleton Graphic Round Neck T Shirt — graphic print. Part of our women's top range. Free shipping over $50.,127,graphic print,
gid://shopify/Product/8490973757629,one-shoulder-lace-bodysuit,One-Shoulder Lace Bodysuit,Women's Bodysuits,"Shop One-Shoulder Lace Bodysuit. Discover quality women's bodysuits designed for everyday style, comfort and easy wear. Refresh your wardrobe today and find your new favorite at Vennix",184,"One-Shoulder Lace Bodysuit is a women's bodysuits for everyday wardrobes, with a versatile design for casual and seasonal outfits",129,Meet the One-Shoulder Lace Bodysuit. Part of our women's bodysuit range. Order today at VennixStore.,100,,
gid://shopify/Product/8490973987005,raw-seam-colorblock-wide-leg-ankle-length-casual-pants,Raw Seam Colorblock Wide Leg Ankle Length Casual Pants,Women's Pants,"Shop Raw Seam Colorblock Wide Leg Ankle Length Casual Pants. Discover quality women's pants designed for everyday style, comfort and easy wear. Refresh your wardrobe today and",175,"Raw Seam Colorblock Wide Leg Ankle Length Casual Pants is a women's pants for everyday wardrobes, with a versatile design for casual and seasonal outfits",153,Shop the Raw Seam Colorblock Wide Leg Ankle Length Casual Pants. Part of our women's pants range. In stock now at VennixStore.,126,,
gid://shopify/Product/8490974150845,round-neck-ghost-print-regular-fit-graphic-long-sleeve-t-shirt,Round Neck Ghost Print Regular Fit Graphic Long Sleeve T-Shirt,Women's Tops,"Shop Round Neck Ghost Print Regular Fit Graphic Long Sleeve T-Shirt. Discover quality women's tops designed for everyday style, comfort and easy wear. Refresh your wardrobe today",178,"Round Neck Ghost Print Regular Fit Graphic Long Sleeve T-Shirt features a a practical with a versatile design, creating a polished option for work.",147,"Round Neck Ghost Print Regular Fit Graphic Long Sleeve T-Shirt — sleeved, printed. Part of our women's top range. Ships free over $50.",134,"sleeved, printed",
gid://shopify/Product/8490974380221,rhinestone-pearl-detail-one-shoulder-mermaid-maxi-dress,Rhinestone Pearl Detail One-Shoulder Mermaid Maxi Dress,Women's Dresses,"Shop Rhinestone Pearl Detail One-Shoulder Mermaid Maxi Dress. Discover quality women's dresses designed for everyday style, comfort and easy wear. Refresh your wardrobe today and",178,"Rhinestone Pearl Detail One-Shoulder Mermaid Maxi Dress features a an easy-to-style with everyday styling, suited to warm-weather outings and occasion dressing",159,Meet the Rhinestone Pearl Detail One-Shoulder Mermaid Maxi Dress — maxi length. Part of our women's dress range. Free shipping over $50.,136,maxi length,
gid://shopify/Product/8490974609597,asymmetrical-one-shoulder-cami-with-lace-trim-and-gold-hardware,Asymmetrical One-Shoulder Cami with Lace Trim and Gold Hardware,Women's Tops,"Shop Asymmetrical One-Shoulder Cami with Lace Trim and Gold Hardware. Discover quality women's tops designed for everyday style, comfort and easy wear. Refresh your wardrobe today",179,"Asymmetrical One-Shoulder Cami with Lace Trim and Gold Hardware features a a practical with a versatile design, creating a polished option for work.",148,Shop the Asymmetrical One-Shoulder Cami with Lace Trim and Gold Hardware. Part of our women's top range. Order today at VennixStore.,132,,
gid://shopify/Product/8490974806205,halloween-ghost-print-mineral-wash-oversize-hoodie,Halloween Ghost Print Mineral Wash Oversize Hoodie,Women's Sweatshirts,"Shop Halloween Ghost Print Mineral Wash Oversize Hoodie. Discover quality women's sweatshirts designed for everyday style, comfort and easy wear. Refresh your wardrobe today and find",182,"Halloween Ghost Print Mineral Wash Oversize Hoodie is a women's sweatshirts for everyday wardrobes, with a versatile design for casual and seasonal outfits",155,Halloween Ghost Print Mineral Wash Oversize Hoodie — printed. Part of our women's sweatshirt range. In stock now at VennixStore.,128,printed,
gid://shopify/Product/8490975035581,double-take-full-size-plaid-dropped-shoulder-fleece-hoodie-plus-size,Double Take Full Size Plaid Dropped Shoulder Fleece Hoodie Plus Size,Women's Sweatshirts,"Shop Double Take Full Size Plaid Dropped Shoulder Fleece Hoodie Plus Size. Discover quality women's sweatshirts designed for everyday style, comfort and easy wear. Refresh your wardrobe today",191,"Double Take Full Size Plaid Dropped Shoulder Fleece Hoodie Plus Size is a women's sweatshirts for everyday wardrobes, with a versatile design for casual and.",157,Meet the Double Take Full Size Plaid Dropped Shoulder Fleece Hoodie Plus Size. Part of our women's sweatshirt range. Ships free over $50.,137,,
gid://shopify/Product/8490975166653,halloween-pumpkin-print-cami-and-shorts-lounge-set,Halloween Pumpkin Print Cami and Shorts Lounge Set,Women's Sets,"Shop Halloween Pumpkin Print Cami and Shorts Lounge Set. Discover quality women's sets designed for everyday style, comfort and easy wear. Refresh your wardrobe today and find your new",184,"Halloween Pumpkin Print Cami and Shorts Lounge Set pairs a coordinated styling with a matching coordinated styling, creating a coordinated look for everyday.",157,Shop the Halloween Pumpkin Print Cami and Shorts Lounge Set — printed. Part of our women's set range. Free shipping over $50.,125,printed,
gid://shopify/Product/8490975396029,abstract-halloween-pattern-long-sleeve-mock-neck-blouse,Abstract Halloween Pattern Long Sleeve Mock Neck Blouse,Women's Blouses,"Shop Abstract Halloween Pattern Long Sleeve Mock Neck Blouse. Discover quality women's blouses designed for everyday style, comfort and easy wear. Refresh your wardrobe today and",178,"Abstract Halloween Pattern Long Sleeve Mock Neck Blouse is a women's blouses for everyday wardrobes, with a versatile design for casual and seasonal outfits",156,Abstract Halloween Pattern Long Sleeve Mock Neck Blouse — sleeved. Part of our women's blous range. Order today at VennixStore.,127,sleeved,
gid://shopify/Product/8490975559869,glitter-cape-sleeve-maxi-dress,Glitter Cape-Sleeve Maxi Dress,Women's Dresses,"Shop Glitter Cape-Sleeve Maxi Dress. Discover quality women's dresses designed for everyday style, comfort and easy wear. Refresh your wardrobe today and find your new favorite at Vennix",186,"Glitter Cape-Sleeve Maxi Dress features a an easy-to-style with everyday styling, suited to warm-weather outings and occasion dressing",134,"Meet the Glitter Cape-Sleeve Maxi Dress — sleeved, maxi length. Part of our women's dress range. In stock now at VennixStore.",125,"sleeved, maxi length",
gid://shopify/Product/8490975822013,halloween-pumpkin-and-bat-print-button-down-top-and-pants-lounge-set,Halloween Pumpkin and Bat Print Button-Down Top and Pants Lounge Set,Women's Sets,"Shop Halloween Pumpkin and Bat Print Button-Down Top and Pants Lounge Set. Discover quality women's sets designed for everyday style, comfort and easy wear. Refresh your wardrobe today",184,"Halloween Pumpkin and Bat Print Button-Down Top and Pants Lounge Set pairs a coordinated styling with a matching coordinated styling, creating a coordinated.",157,"Shop the Halloween Pumpkin and Bat Print Button-Down Top and Pants Lounge Set — button front, printed, top. Ships free over $50.",128,"button front, printed, top",
gid://shopify/Product/8490976051389,full-size-halloween-graphic-long-sleeve-hoodie-plus-size,Full Size Halloween Graphic Long Sleeve Hoodie Plus Size,Women's Sweatshirts,"Shop Full Size Halloween Graphic Long Sleeve Hoodie Plus Size. Discover quality women's sweatshirts designed for everyday style, comfort and easy wear. Refresh your wardrobe",173,"Full Size Halloween Graphic Long Sleeve Hoodie Plus Size is a women's sweatshirts for everyday wardrobes, with a versatile design for casual and seasonal.",154,"Full Size Halloween Graphic Long Sleeve Hoodie Plus Size — sleeved, graphic print. Free shipping over $50.",106,"sleeved, graphic print",
gid://shopify/Product/8490976313533,full-size-twisted-sleeveless-ruched-waist-a-line-dress-plus-size,Full Size Twisted Sleeveless Ruched Waist A-Line Dress Plus Size,Women's Dresses,"Shop Full Size Twisted Sleeveless Ruched Waist A-Line Dress Plus Size. Discover quality women's dresses designed for everyday style, comfort and easy wear. Refresh your wardrobe today",183,"Full Size Twisted Sleeveless Ruched Waist A-Line Dress Plus Size features a an easy-to-style with everyday styling, suited to warm-weather outings and.",151,Meet the Full Size Twisted Sleeveless Ruched Waist A-Line Dress Plus Size. Part of our women's dress range. Order today at VennixStore.,135,,
gid://shopify/Product/8490976542909,polka-dot-v-neck-long-sleeve-button-shift-dress,Polka Dot V Neck Long Sleeve Button Shift Dress,Women's Dresses,"Shop Polka Dot V Neck Long Sleeve Button Shift Dress. Discover quality women's dresses designed for everyday style, comfort and easy wear. Refresh your wardrobe today and find your new",184,"Polka Dot V Neck Long Sleeve Button Shift Dress features a an easy-to-style with everyday styling, suited to warm-weather outings and occasion dressing",151,"Shop the Polka Dot V Neck Long Sleeve Button Shift Dress — button front, sleeved. In stock now at VennixStore.",110,"button front, sleeved",
gid://shopify/Product/8490976772285,gothic-cross-pendant-layered-necklace,Gothic Cross Pendant Layered Necklace,Necklaces,"Shop Gothic Cross Pendant Layered Necklace. Discover quality necklaces designed for everyday style, comfort and easy wear. Refresh your wardrobe today and find your new favorite at Vennix",187,"Gothic Cross Pendant Layered Necklace is a necklaces for everyday wardrobes, with a versatile design for casual and seasonal outfits",132,Gothic Cross Pendant Layered Necklace. Part of our necklace range. Ships free over $50.,87,,
gid://shopify/Product/8490977034429,halloween-ghost-print-button-down-top-and-shorts-lounge-set,Halloween Ghost Print Button-Down Top and Shorts Lounge Set,Women's Sets,"Shop Halloween Ghost Print Button-Down Top and Shorts Lounge Set. Discover quality women's sets designed for everyday style, comfort and easy wear. Refresh your wardrobe today and find your",189,"Halloween Ghost Print Button-Down Top and Shorts Lounge Set pairs a coordinated styling with a matching coordinated styling, creating a coordinated look for.",157,"Meet the Halloween Ghost Print Button-Down Top and Shorts Lounge Set — button front, printed, top. Free shipping over $50.",122,"button front, printed, top",
gid://shopify/Product/8490977198269,halloween-rhinestone-skull-graphic-mock-neck-baggy-pullover-sweatshirt,Halloween Rhinestone Skull Graphic Mock Neck Baggy Pullover Sweatshirt,Women's Sweatshirts,"Shop Halloween Rhinestone Skull Graphic Mock Neck Baggy Pullover Sweatshirt. Discover quality women's sweatshirts designed for everyday style, comfort and easy wear. Refresh your",178,"Halloween Rhinestone Skull Graphic Mock Neck Baggy Pullover Sweatshirt is a women's sweatshirts for everyday wardrobes, with a versatile design for casual.",155,Shop the Halloween Rhinestone Skull Graphic Mock Neck Baggy Pullover Sweatshirt — graphic print. Order today at VennixStore.,124,graphic print,
gid://shopify/Product/8490977362109,glittering-pumpkin-face-crewneck-halloween-t-shirt,Glittering Pumpkin Face Crewneck Halloween T Shirt,Women's Tops,"Shop Glittering Pumpkin Face Crewneck Halloween T Shirt. Discover quality women's tops designed for everyday style, comfort and easy wear. Refresh your wardrobe today and find your new",184,"Glittering Pumpkin Face Crewneck Halloween T Shirt features a a practical with a versatile design, creating a polished option for work, weekends, and occasions",159,Glittering Pumpkin Face Crewneck Halloween T Shirt. Part of our women's top range. In stock now at VennixStore.,111,,
gid://shopify/Product/8490977525949,plus-size-skeleton-print-cami-lounge-set,Plus Size Skeleton Print Cami Lounge Set,Women's Sets,"Shop Plus Size Skeleton Print Cami Lounge Set. Discover quality women's sets designed for everyday style, comfort and easy wear. Refresh your wardrobe today and find your new favorite at",186,"Plus Size Skeleton Print Cami Lounge Set pairs a coordinated styling with a matching coordinated styling, creating a coordinated look for everyday wear",151,Meet the Plus Size Skeleton Print Cami Lounge Set — printed. Part of our women's set range. Ships free over $50.,112,printed,
gid://shopify/Product/8490977755325,leopard-print-cropped-faux-leather-jacket-with-utility-pockets,Leopard Print Cropped Faux Leather Jacket with Utility Pockets,Women's Outerwear,"Shop Leopard Print Cropped Faux Leather Jacket with Utility Pockets. Discover quality women's outerwear designed for everyday style, comfort and easy wear. Refresh your wardrobe today and",187,"Leopard Print Cropped Faux Leather Jacket with Utility Pockets is a women's outerwear for everyday wardrobes, with a versatile design for casual and.",149,Shop the Leopard Print Cropped Faux Leather Jacket with Utility Pockets — printed. Free shipping over $50.,106,printed,
gid://shopify/Product/8490977951933,one-shoulder-lace-top,One-Shoulder Lace Top,Women's Tops,"Shop One-Shoulder Lace Top. Discover quality women's tops designed for everyday style, comfort and easy wear. Refresh your wardrobe today and find your new favorite at VennixStore.",180,"One-Shoulder Lace Top features a a practical with a versatile design, creating a polished option for work, weekends, and occasions",130,One-Shoulder Lace Top — top. Part of our women's top range. Order today at VennixStore.,87,top,
gid://shopify/Product/8490978214077,stripe-halloween-ghost-patch-round-neck-long-sleeve-top,Stripe Halloween Ghost Patch Round Neck Long Sleeve Top,Women's Tops,"Shop Stripe Halloween Ghost Patch Round Neck Long Sleeve Top. Discover quality women's tops designed for everyday style, comfort and easy wear. Refresh your wardrobe today and find your",185,"Stripe Halloween Ghost Patch Round Neck Long Sleeve Top features a a practical with a versatile design, creating a polished option for work, weekends, and.",155,"Meet the Stripe Halloween Ghost Patch Round Neck Long Sleeve Top — sleeved, top. In stock now at VennixStore.",109,"sleeved, top",
gid://shopify/Product/8490978443453,reversible-halloween-graphic-mock-neck-tunic-sweatshirt,Reversible Halloween Graphic Mock Neck Tunic Sweatshirt,Women's Sweatshirts,"Shop Reversible Halloween Graphic Mock Neck Tunic Sweatshirt. Discover quality women's sweatshirts designed for everyday style, comfort and easy wear. Refresh your wardrobe today and find",187,"Reversible Halloween Graphic Mock Neck Tunic Sweatshirt is a women's sweatshirts for everyday wardrobes, with a versatile design for casual and seasonal outfits",160,Shop the Reversible Halloween Graphic Mock Neck Tunic Sweatshirt — graphic print. Part of our women's sweatshirt range. Ships free over $50.,140,graphic print,
gid://shopify/Product/8490978640061,spooky-season-mock-neck-reversible-halloween-sweatshirt,Spooky Season Mock Neck Reversible Halloween Sweatshirt,Women's Sweatshirts,"Shop Spooky Season Mock Neck Reversible Halloween Sweatshirt. Discover quality women's sweatshirts designed for everyday style, comfort and easy wear. Refresh your wardrobe today and find your",192,"Spooky Season Mock Neck Reversible Halloween Sweatshirt is a women's sweatshirts for everyday wardrobes, with a versatile design for casual and seasonal outfits",160,Spooky Season Mock Neck Reversible Halloween Sweatshirt. Part of our women's sweatshirt range. Free shipping over $50.,118,,
gid://shopify/Product/8490978836669,rhinestone-slit-flare-sleeve-cape-maxi-dress,Rhinestone Slit Flare Sleeve Cape Maxi Dress,Women's Dresses,"Shop Rhinestone Slit Flare Sleeve Cape Maxi Dress. Discover quality women's dresses designed for everyday style, comfort and easy wear. Refresh your wardrobe today and find your new favorite at Vennix",200,"Rhinestone Slit Flare Sleeve Cape Maxi Dress features a an easy-to-style with everyday styling, suited to warm-weather outings and occasion dressing",148,"Meet the Rhinestone Slit Flare Sleeve Cape Maxi Dress — flared, sleeved, maxi length. Order today at VennixStore.",113,"flared, sleeved, maxi length",
gid://shopify/Product/8490979033277,gothic-charm-choker-necklace,Gothic Charm Choker Necklace,Necklaces,"Shop Gothic Charm Choker Necklace. Discover quality necklaces designed for everyday style, comfort and easy wear. Refresh your wardrobe today and find your new favorite at VennixStore.",184,"Gothic Charm Choker Necklace is a necklaces for everyday wardrobes, with a versatile design for casual and seasonal outfits",123,Shop the Gothic Charm Choker Necklace. Part of our necklace range. In stock now at VennixStore.,95,,
gid://shopify/Product/8490979197117,sequin-long-sleeve-knit-cover-up,Sequin Long Sleeve Knit Cover Up,Women's Tops,"Shop Sequin Long Sleeve Knit Cover Up. Discover quality women's tops designed for everyday style, comfort and easy wear. Refresh your wardrobe today and find your new favorite at VennixStore.",191,"Sequin Long Sleeve Knit Cover Up features a a practical with a versatile design, creating a polished option for work, weekends, and occasions",141,Sequin Long Sleeve Knit Cover Up — sleeved. Part of our women's top range. Ships free over $50.,95,sleeved,
gid://shopify/Product/8490979393725,gothic-lace-choker-necklace-with-teardrop-dangle-charms,Gothic Lace Choker Necklace with Teardrop Dangle Charms,Necklaces,"Shop Gothic Lace Choker Necklace with Teardrop Dangle Charms. Discover quality necklaces designed for everyday style, comfort and easy wear. Refresh your wardrobe today and find your new",186,"Gothic Lace Choker Necklace with Teardrop Dangle Charms is a necklaces for everyday wardrobes, with a versatile design for casual and seasonal outfits",150,Meet the Gothic Lace Choker Necklace with Teardrop Dangle Charms. Part of our necklace range. Free shipping over $50.,117,,
gid://shopify/Product/8490979623101,18k-gold-plated-zircon-chain-necklace,18K Gold-Plated Zircon Chain Necklace,Necklaces,"Shop 18K Gold-Plated Zircon Chain Necklace. Discover quality necklaces designed for everyday style, comfort and easy wear. Refresh your wardrobe today and find your new favorite at VennixStore.",193,"18K Gold-Plated Zircon Chain Necklace is a necklaces for everyday wardrobes, with a versatile design for casual and seasonal outfits",132,Shop the 18K Gold-Plated Zircon Chain Necklace. Part of our necklace range. Order today at VennixStore.,103,,
gid://shopify/Product/8490979819709,bat-wing-shaped-gothic-sunglasses,Bat-Wing Shaped Gothic Sunglasses,Sunglasses,"Shop Bat-Wing Shaped Gothic Sunglasses. Discover quality sunglasses designed for everyday style, comfort and easy wear. Refresh your wardrobe today and find your new favorite at VennixStore.",190,"Bat-Wing Shaped Gothic Sunglasses is a sunglasses for everyday wardrobes, with a versatile design for casual and seasonal outfits",129,Bat-Wing Shaped Gothic Sunglasses. Part of our sunglass range. In stock now at VennixStore.,91,,
gid://shopify/Product/8490980081853,v-neck-short-sleeve-geometric-sweater,V Neck Short Sleeve Geometric Sweater,Women's Sweaters,"Shop V Neck Short Sleeve Geometric Sweater. Discover quality women's sweaters designed for everyday style, comfort and easy wear. Refresh your wardrobe today and find your new favorite at VennixStore.",200,"V Neck Short Sleeve Geometric Sweater is a women's sweaters for everyday wardrobes, with a versatile design for casual and seasonal outfits",139,Meet the V Neck Short Sleeve Geometric Sweater — sleeved. Part of our women's sweater range. Ships free over $50.,113,sleeved,
gid://shopify/Product/8490980343997,cable-knit-dropped-shoulder-sweater,Cable-Knit Dropped Shoulder Sweater,Women's Sweaters,"Shop Cable-Knit Dropped Shoulder Sweater. Discover quality women's sweaters designed for everyday style, comfort and easy wear. Refresh your wardrobe today and find your new favorite at VennixStore.",198,"Cable-Knit Dropped Shoulder Sweater is a women's sweaters for everyday wardrobes, with a versatile design for casual and seasonal outfits",137,Shop the Cable-Knit Dropped Shoulder Sweater. Part of our women's sweater range. Free shipping over $50.,104,,
gid://shopify/Product/8490980573373,halloween-spooky-letter-graphic-round-neck-casual-t-shirt,Halloween Spooky Letter Graphic Round Neck Casual T Shirt,Women's Tops,"Shop Halloween Spooky Letter Graphic Round Neck Casual T Shirt. Discover quality women's tops designed for everyday style, comfort and easy wear. Refresh your wardrobe today and find your",187,"Halloween Spooky Letter Graphic Round Neck Casual T Shirt features a a practical with a versatile design, creating a polished option for work, weekends, and.",157,Halloween Spooky Letter Graphic Round Neck Casual T Shirt — graphic print. Part of our women's top range. Order today at VennixStore.,133,graphic print,
gid://shopify/Product/8490980769981,pumpkin-season-oversized-pullover-sweatshirt,PUMPKIN SEASON Oversized Pullover Sweatshirt,Women's Sweatshirts,"Shop PUMPKIN SEASON Oversized Pullover Sweatshirt. Discover quality women's sweatshirts designed for everyday style, comfort and easy wear. Refresh your wardrobe today and find your new favorite at",197,"PUMPKIN SEASON Oversized Pullover Sweatshirt is a women's sweatshirts for everyday wardrobes, with a versatile design for casual and seasonal outfits",149,Meet the PUMPKIN SEASON Oversized Pullover Sweatshirt. Part of our women's sweatshirt range. In stock now at VennixStore.,121,,
gid://shopify/Product/8490980901053,double-take-full-size-half-zip-exposed-seam-fleece-hoodie,Double Take Full Size Half Zip Exposed Seam Fleece Hoodie,Women's Sweatshirts,"Shop Double Take Full Size Half Zip Exposed Seam Fleece Hoodie. Discover quality women's sweatshirts designed for everyday style, comfort and easy wear. Refresh your wardrobe today and find",189,"Double Take Full Size Half Zip Exposed Seam Fleece Hoodie is a women's sweatshirts for everyday wardrobes, with a versatile design for casual and seasonal.",155,Shop the Double Take Full Size Half Zip Exposed Seam Fleece Hoodie — zip-through. Part of our women's sweatshirt range. Ships free over $50.,140,zip-through,
gid://shopify/Product/8490981097661,gothic-rose-cross-dangle-necklace,Gothic Rose Cross Dangle Necklace,Necklaces,"Shop Gothic Rose Cross Dangle Necklace. Discover quality necklaces designed for everyday style, comfort and easy wear. Refresh your wardrobe today and find your new favorite at VennixStore.",189,"Gothic Rose Cross Dangle Necklace is a necklaces for everyday wardrobes, with a versatile design for casual and seasonal outfits",128,Gothic Rose Cross Dangle Necklace. Part of our necklace range. Free shipping over $50.,86,,
gid://shopify/Product/8490981294269,gothic-cross-pendant-necklace,Gothic Cross Pendant Necklace,Necklaces,"Shop Gothic Cross Pendant Necklace. Discover quality necklaces designed for everyday style, comfort and easy wear. Refresh your wardrobe today and find your new favorite at VennixStore.",185,"Gothic Cross Pendant Necklace is a necklaces for everyday wardrobes, with a versatile design for casual and seasonal outfits",124,Meet the Gothic Cross Pendant Necklace. Part of our necklace range. Order today at VennixStore.,95,,
gid://shopify/Product/8490981490877,skeleton-long-sleeve-t-shirt,Skeleton Long Sleeve T-Shirt,Women's Tops,"Shop Skeleton Long Sleeve T-Shirt. Discover quality women's tops designed for everyday style, comfort and easy wear. Refresh your wardrobe today and find your new favorite at VennixStore.",187,"Skeleton Long Sleeve T-Shirt features a a practical with a versatile design, creating a polished option for work, weekends, and occasions",137,Shop the Skeleton Long Sleeve T-Shirt — sleeved. Part of our women's top range. In stock now at VennixStore.,108,sleeved,
gid://shopify/Product/8490981687485,full-size-cat-and-pumpkin-v-neck-sweater-plus-size,Full Size Cat and Pumpkin V-Neck Sweater Plus Size,Women's Sweaters,"Shop Full Size Cat and Pumpkin V-Neck Sweater Plus Size. Discover quality women's sweaters designed for everyday style, comfort and easy wear. Refresh your wardrobe today and find your",184,"Full Size Cat and Pumpkin V-Neck Sweater Plus Size is a women's sweaters for everyday wardrobes, with a versatile design for casual and seasonal outfits",152,Full Size Cat and Pumpkin V-Neck Sweater Plus Size. Part of our women's sweater range. Ships free over $50.,107,,
gid://shopify/Product/8490981916861,sequin-pumpkin-spooky-halloween-sweatshirt,Sequin Pumpkin Spooky Halloween Sweatshirt,Women's Sweatshirts,"Shop Sequin Pumpkin Spooky Halloween Sweatshirt. Discover quality women's sweatshirts designed for everyday style, comfort and easy wear. Refresh your wardrobe today and find your new",183,"Sequin Pumpkin Spooky Halloween Sweatshirt is a women's sweatshirts for everyday wardrobes, with a versatile design for casual and seasonal outfits",147,Meet the Sequin Pumpkin Spooky Halloween Sweatshirt. Part of our women's sweatshirt range. Free shipping over $50.,114,,
gid://shopify/Product/8490982113469,halloween-pumpkin-print-long-sleeve-home-wear-lounge-set,Halloween Pumpkin Print Long Sleeve Home Wear Lounge Set,Women's Sets,"Shop Halloween Pumpkin Print Long Sleeve Home Wear Lounge Set. Discover quality women's sets designed for everyday style, comfort and easy wear. Refresh your wardrobe today and find your new",190,"Halloween Pumpkin Print Long Sleeve Home Wear Lounge Set pairs a coordinated styling with a matching coordinated styling, creating a coordinated look for.",154,"Shop the Halloween Pumpkin Print Long Sleeve Home Wear Lounge Set — sleeved, printed. Order today at VennixStore.",113,"sleeved, printed",
gid://shopify/Product/8490982310077,polka-dot-dropped-shoulder-sweatshirt,Polka Dot Dropped Shoulder Sweatshirt,Women's Sweatshirts,"Shop Polka Dot Dropped Shoulder Sweatshirt. Discover quality women's sweatshirts designed for everyday style, comfort and easy wear. Refresh your wardrobe today and find your new favorite at VennixStore.",203,"Polka Dot Dropped Shoulder Sweatshirt is a women's sweatshirts for everyday wardrobes, with a versatile design for casual and seasonal outfits",142,Polka Dot Dropped Shoulder Sweatshirt. Part of our women's sweatshirt range. In stock now at VennixStore.,105,,
gid://shopify/Product/8490982572221,lace-trim-ruffle-mini-skirt,Lace Trim Ruffle Mini Skirt,Women's Skirts,"Shop Lace Trim Ruffle Mini Skirt. Discover quality women's skirts designed for everyday style, comfort and easy wear. Refresh your wardrobe today and find your new favorite at VennixStore.",188,"Lace Trim Ruffle Mini Skirt is a women's skirts for everyday wardrobes, with a versatile design for casual and seasonal outfits",127,"Meet the Lace Trim Ruffle Mini Skirt — ruffled, mini length. Part of our women's skirt range. Ships free over $50.",114,"ruffled, mini length",
gid://shopify/Product/8490982736061,double-take-full-size-printed-ruffle-trim-balloon-sleeve-shirt-plus-size,Double Take Full Size Printed Ruffle Trim Balloon Sleeve Shirt Plus Size,Women's Tops,"Shop Double Take Full Size Printed Ruffle Trim Balloon Sleeve Shirt Plus Size. Discover quality women's tops designed for everyday style, comfort and easy wear. Refresh your wardrobe today",188,"Double Take Full Size Printed Ruffle Trim Balloon Sleeve Shirt Plus Size features a a practical with a versatile design, creating a polished option for.",152,"Shop the Double Take Full Size Printed Ruffle Trim Balloon Sleeve Shirt Plus Size — ruffled, sleeved. Free shipping over $50.",125,"ruffled, sleeved",
gid://shopify/Product/8490982899901,gothic-star-and-cross-charm-choker-necklace,Gothic Star and Cross Charm Choker Necklace,Necklaces,"Shop Gothic Star and Cross Charm Choker Necklace. Discover quality necklaces designed for everyday style, comfort and easy wear. Refresh your wardrobe today and find your new favorite at VennixStore.",199,"Gothic Star and Cross Charm Choker Necklace is a necklaces for everyday wardrobes, with a versatile design for casual and seasonal outfits",138,Gothic Star and Cross Charm Choker Necklace. Part of our necklace range. Order today at VennixStore.,100,,
gid://shopify/Product/8490983030973,rhinestone-slit-maxi-dress-with-sheer-cape-sleeves,Rhinestone Slit Maxi Dress with Sheer Cape Sleeves,Women's Dresses,"Shop Rhinestone Slit Maxi Dress with Sheer Cape Sleeves. Discover quality women's dresses designed for everyday style, comfort and easy wear. Refresh your wardrobe today and find your new favorite at VennixStore.",212,"Rhinestone Slit Maxi Dress with Sheer Cape Sleeves features a an easy-to-style with everyday styling, suited to warm-weather outings and occasion dressing",154,Meet the Rhinestone Slit Maxi Dress with Sheer Cape Sleeves — maxi length. Part of our women's dress range. In stock now at VennixStore.,136,maxi length,
gid://shopify/Product/8490983227581,full-size-halloween-ghost-applique-short-sleeve-t-shirt-plus-size,Full Size Halloween Ghost Applique Short Sleeve T-Shirt Plus Size,Women's Tops,"Shop Full Size Halloween Ghost Applique Short Sleeve T-Shirt Plus Size. Discover quality women's tops designed for everyday style, comfort and easy wear. Refresh your wardrobe today and find",190,"Full Size Halloween Ghost Applique Short Sleeve T-Shirt Plus Size features a a practical with a versatile design, creating a polished option for work.",150,Shop the Full Size Halloween Ghost Applique Short Sleeve T-Shirt Plus Size — sleeved. Ships free over $50.,106,sleeved,
gid://shopify/Product/8490983456957,drop-shoulder-long-sleeve-round-neck-halloween-sweater,Drop Shoulder Long Sleeve Round Neck Halloween Sweater,Women's Sweaters,"Shop Drop Shoulder Long Sleeve Round Neck Halloween Sweater. Discover quality women's sweaters designed for everyday style, comfort and easy wear. Refresh your wardrobe today and find your new",192,"Drop Shoulder Long Sleeve Round Neck Halloween Sweater is a women's sweaters for everyday wardrobes, with a versatile design for casual and seasonal outfits",156,Drop Shoulder Long Sleeve Round Neck Halloween Sweater — sleeved. Part of our women's sweater range. Free shipping over $50.,124,sleeved,
gid://shopify/Product/8490983686333,ghost-boo-reversible-print-mock-neck-casual-sweatshirt,Ghost/ BOO Reversible Print Mock Neck Casual Sweatshirt,Women's Sweatshirts,"Shop Ghost/ BOO Reversible Print Mock Neck Casual Sweatshirt. Discover quality women's sweatshirts designed for everyday style, comfort and easy wear. Refresh your wardrobe today and find your",192,"Ghost/ BOO Reversible Print Mock Neck Casual Sweatshirt is a women's sweatshirts for everyday wardrobes, with a versatile design for casual and seasonal outfits",160,"Meet the Ghost/ BOO Reversible Print Mock Neck Casual Sweatshirt — printed, ""boo"". Order today at VennixStore.",110,"printed, ""boo""",
gid://shopify/Product/8490983882941,lace-hem-lapel-collar-blazer,Lace Hem Lapel Collar Blazer,Women's Outerwear,"Shop Lace Hem Lapel Collar Blazer. Discover quality women's outerwear designed for everyday style, comfort and easy wear. Refresh your wardrobe today and find your new favorite at VennixStore.",192,"Lace Hem Lapel Collar Blazer is a women's outerwear for everyday wardrobes, with a versatile design for casual and seasonal outfits",131,Shop the Lace Hem Lapel Collar Blazer. Part of our women's outerwear range. In stock now at VennixStore.,104,,
gid://shopify/Product/8490984112317,halloween-skeleton-print-color-block-sweatshirt,Halloween Skeleton Print Color Block Sweatshirt,Women's Sweatshirts,"Shop Halloween Skeleton Print Color Block Sweatshirt. Discover quality women's sweatshirts designed for everyday style, comfort and easy wear. Refresh your wardrobe today and find your new",188,"Halloween Skeleton Print Color Block Sweatshirt is a women's sweatshirts for everyday wardrobes, with a versatile design for casual and seasonal outfits",152,Halloween Skeleton Print Color Block Sweatshirt — printed. Part of our women's sweatshirt range. Ships free over $50.,117,printed,
gid://shopify/Product/8490984308925,halloween-leopard-pumpkin-patchwork-ribbed-sweatshirt,Halloween Leopard Pumpkin Patchwork Ribbed Sweatshirt,Women's Sweatshirts,"Shop Halloween Leopard Pumpkin Patchwork Ribbed Sweatshirt. Discover quality women's sweatshirts designed for everyday style, comfort and easy wear. Refresh your wardrobe today and find your new",194,"Halloween Leopard Pumpkin Patchwork Ribbed Sweatshirt is a women's sweatshirts for everyday wardrobes, with a versatile design for casual and seasonal outfits",158,Meet the Halloween Leopard Pumpkin Patchwork Ribbed Sweatshirt — leopard print. Part of our women's sweatshirt range. Free shipping over $50.,141,leopard print,
gid://shopify/Product/8490984505533,halloween-ghost-embroidered-casual-sweatshirt,Halloween Ghost Embroidered Casual Sweatshirt,Women's Sweatshirts,"Shop Halloween Ghost Embroidered Casual Sweatshirt. Discover quality women's sweatshirts designed for everyday style, comfort and easy wear. Refresh your wardrobe today and find your new favorite at VennixStore.",211,"Halloween Ghost Embroidered Casual Sweatshirt is a women's sweatshirts for everyday wardrobes, with a versatile design for casual and seasonal outfits",150,Shop the Halloween Ghost Embroidered Casual Sweatshirt. Part of our women's sweatshirt range. Order today at VennixStore.,121,,
gid://shopify/Product/8490984669373,sweetheart-neck-sheer-lace-maxi-dress,Sweetheart Neck Sheer Lace Maxi Dress,Women's Dresses,"Shop Sweetheart Neck Sheer Lace Maxi Dress. Discover quality women's dresses designed for everyday style, comfort and easy wear. Refresh your wardrobe today and find your new favorite at VennixStore.",199,"Sweetheart Neck Sheer Lace Maxi Dress features a an easy-to-style with everyday styling, suited to warm-weather outings and occasion dressing",141,"Sweetheart Neck Sheer Lace Maxi Dress — sweetheart neckline, maxi length. Part of our women's dress range. In stock now at VennixStore.",135,"sweetheart neckline, maxi length",
gid://shopify/Product/8490984833213,halloween-pumpkin-floral-round-neck-sweatshirt,Halloween Pumpkin Floral Round Neck Sweatshirt,Women's Sweatshirts,"Shop Halloween Pumpkin Floral Round Neck Sweatshirt. Discover quality women's sweatshirts designed for everyday style, comfort and easy wear. Refresh your wardrobe today and find your new",187,"Halloween Pumpkin Floral Round Neck Sweatshirt is a women's sweatshirts for everyday wardrobes, with a versatile design for casual and seasonal outfits",151,Meet the Halloween Pumpkin Floral Round Neck Sweatshirt. Part of our women's sweatshirt range. Ships free over $50.,115,,
gid://shopify/Product/8490985062589,plaid-sleeve-colorblock-loose-tunic-sweatshirt,Plaid Sleeve Colorblock Loose Tunic Sweatshirt,Women's Sweatshirts,"Shop Plaid Sleeve Colorblock Loose Tunic Sweatshirt. Discover quality women's sweatshirts designed for everyday style, comfort and easy wear. Refresh your wardrobe today and find your new",187,"Plaid Sleeve Colorblock Loose Tunic Sweatshirt is a women's sweatshirts for everyday wardrobes, with a versatile design for casual and seasonal outfits",151,Shop the Plaid Sleeve Colorblock Loose Tunic Sweatshirt — sleeved. Part of our women's sweatshirt range. Free shipping over $50.,128,sleeved,
gid://shopify/Product/8490985226429,lace-v-neck-tank,Lace V-Neck Tank,Women's Tops,"Shop Lace V-Neck Tank. Discover quality women's tops designed for everyday style, comfort and easy wear. Refresh your wardrobe today and find your new favorite at VennixStore.",175,"Lace V-Neck Tank features a a practical with a versatile design, creating a polished option for work, weekends, and occasions",125,Lace V-Neck Tank. Part of our women's top range. Order today at VennixStore.,76,,
gid://shopify/Product/8490985291965,floral-lace-crochet-tiered-ruffled-mini-dress,Floral Lace Crochet Tiered Ruffled Mini Dress,Women's Dresses,"Shop Floral Lace Crochet Tiered Ruffled Mini Dress. Discover quality women's dresses designed for everyday style, comfort and easy wear. Refresh your wardrobe today and find your new favorite at VennixStore.",207,"Floral Lace Crochet Tiered Ruffled Mini Dress features a an easy-to-style with everyday styling, suited to warm-weather outings and occasion dressing",149,Meet the Floral Lace Crochet Tiered Ruffled Mini Dress — mini length. Part of our women's dress range. In stock now at VennixStore.,131,mini length,
gid://shopify/Product/8490985324733,full-size-skull-pumpkin-face-stay-spooky-graphic-halloween-t-shirt-plus-size,Full Size Skull Pumpkin Face STAY SPOOKY Graphic Halloween T Shirt Plus Size,Women's Tops,"Shop Full Size Skull Pumpkin Face STAY SPOOKY Graphic Halloween T Shirt Plus Size. Discover quality women's tops designed for everyday style, comfort and easy wear. Refresh your wardrobe today and find your",206,"Full Size Skull Pumpkin Face STAY SPOOKY Graphic Halloween T Shirt Plus Size features a a practical with a versatile design, creating a polished option for.",156,Shop the Full Size Skull Pumpkin Face STAY SPOOKY Graphic Halloween T Shirt Plus Size — graphic print. Ships free over $50.,123,graphic print,
gid://shopify/Product/8490985423037,halloween-pumpkin-and-cat-pattern-knit-round-neck-sweater,Halloween Pumpkin and Cat Pattern Knit Round Neck Sweater,Women's Sweaters,"Shop Halloween Pumpkin and Cat Pattern Knit Round Neck Sweater. Discover quality women's sweaters designed for everyday style, comfort and easy wear. Refresh your wardrobe today and find your new",195,"Halloween Pumpkin and Cat Pattern Knit Round Neck Sweater is a women's sweaters for everyday wardrobes, with a versatile design for casual and seasonal outfits",159,Halloween Pumpkin and Cat Pattern Knit Round Neck Sweater. Part of our women's sweater range. Free shipping over $50.,117,,
gid://shopify/Product/8490985488573,lace-v-neck-sleeveless-maxi-dress,Lace V-Neck Sleeveless Maxi Dress,Women's Dresses,"Shop Lace V-Neck Sleeveless Maxi Dress. Discover quality women's dresses designed for everyday style, comfort and easy wear. Refresh your wardrobe today and find your new favorite at VennixStore.",195,"Lace V-Neck Sleeveless Maxi Dress features a an easy-to-style with everyday styling, suited to warm-weather outings and occasion dressing",137,Meet the Lace V-Neck Sleeveless Maxi Dress — maxi length. Part of our women's dress range. Order today at VennixStore.,118,maxi length,
gid://shopify/Product/8490985554109,lace-hem-one-button-blazer,Lace Hem One Button Blazer,Women's Outerwear,"Shop Lace Hem One Button Blazer. Discover quality women's outerwear designed for everyday style, comfort and easy wear. Refresh your wardrobe today and find your new favorite at VennixStore.",190,"Lace Hem One Button Blazer is a women's outerwear for everyday wardrobes, with a versatile design for casual and seasonal outfits",129,Shop the Lace Hem One Button Blazer — button front. Part of our women's outerwear range. In stock now at VennixStore.,117,button front,
gid://shopify/Product/8490985586877,sequin-autumn-leaf-coffee-cup-waffle-knit-top,Sequin Autumn Leaf & Coffee Cup Waffle Knit Top,Women's Tops,"Shop Sequin Autumn Leaf & Coffee Cup Waffle Knit Top. Discover quality women's tops designed for everyday style, comfort and easy wear. Refresh your wardrobe today and find your",177,"Sequin Autumn Leaf & Coffee Cup Waffle Knit Top features a a practical with a versatile design, creating a polished option for work, weekends, and occasions",156,Sequin Autumn Leaf & Coffee Cup Waffle Knit Top — top. Part of our women's top range. Ships free over $50.,106,top,
gid://shopify/Product/8490985652413,halloween-pumpkin-open-front-knit-cardigan,Halloween Pumpkin Open Front Knit Cardigan,Women's Sweaters,"Shop Halloween Pumpkin Open Front Knit Cardigan. Discover quality women's sweaters designed for everyday style, comfort and easy wear. Refresh your wardrobe today and find your new",180,"Halloween Pumpkin Open Front Knit Cardigan is a women's sweaters for everyday wardrobes, with a versatile design for casual and seasonal outfits",144,Meet the Halloween Pumpkin Open Front Knit Cardigan. Part of our women's sweater range. Free shipping over $50.,111,,
gid://shopify/Product/8490985685181,sequin-ghost-exposed-seam-mock-neck-sweatshirt,Sequin Ghost Exposed Seam Mock Neck Sweatshirt,Women's Sweatshirts,"Shop Sequin Ghost Exposed Seam Mock Neck Sweatshirt. Discover quality women's sweatshirts designed for everyday style, comfort and easy wear. Refresh your wardrobe today and find your",183,"Sequin Ghost Exposed Seam Mock Neck Sweatshirt is a women's sweatshirts for everyday wardrobes, with a versatile design for casual and seasonal outfits",151,Shop the Sequin Ghost Exposed Seam Mock Neck Sweatshirt. Part of our women's sweatshirt range. Order today at VennixStore.,122,,
gid://shopify/Product/8490985717949,dancing-critters-sequin-halloween-crewneck-sweatshirt,Dancing Critters Sequin Halloween Crewneck Sweatshirt,Women's Sweatshirts,"Shop Dancing Critters Sequin Halloween Crewneck Sweatshirt. Discover quality women's sweatshirts designed for everyday style, comfort and easy wear. Refresh your wardrobe today and find your new favorite at",206,"Dancing Critters Sequin Halloween Crewneck Sweatshirt is a women's sweatshirts for everyday wardrobes, with a versatile design for casual and seasonal outfits",158,Dancing Critters Sequin Halloween Crewneck Sweatshirt. Part of our women's sweatshirt range. In stock now at VennixStore.,121,,
gid://shopify/Product/8490985750717,patchwork-pumpkin-graphic-corded-ribbed-round-neck-tunic-sweatshirt,Patchwork Pumpkin Graphic Corded Ribbed Round Neck Tunic Sweatshirt,Women's Sweatshirts,"Shop Patchwork Pumpkin Graphic Corded Ribbed Round Neck Tunic Sweatshirt. Discover quality women's sweatshirts designed for everyday style, comfort and easy wear. Refresh your wardrobe today and",194,"Patchwork Pumpkin Graphic Corded Ribbed Round Neck Tunic Sweatshirt is a women's sweatshirts for everyday wardrobes, with a versatile design for casual and.",156,Meet the Patchwork Pumpkin Graphic Corded Ribbed Round Neck Tunic Sweatshirt — graphic print. Ships free over $50.,114,graphic print,
gid://shopify/Product/8490985783485,crochet-lace-strapless-boned-corset-lace-up-waist-cincher-tube-top,Crochet Lace Strapless Boned Corset Lace‑Up Waist Cincher Tube Top,Women's Tops,"Shop Crochet Lace Strapless Boned Corset Lace‑Up Waist Cincher Tube Top. Discover quality women's tops designed for everyday style, comfort and easy wear. Refresh your wardrobe today and find",191,"Crochet Lace Strapless Boned Corset Lace‑Up Waist Cincher Tube Top features a a practical with a versatile design, creating a polished option for work.",151,Shop the Crochet Lace Strapless Boned Corset Lace‑Up Waist Cincher Tube Top — top. Free shipping over $50.,106,top,
gid://shopify/Product/8490985849021,sequin-halloween-pumpkin-pattern-v-neck-tee-and-drawstring-bottoms-casual-set,Sequin Halloween Pumpkin Pattern V Neck Tee and Drawstring Bottoms Casual Set,Women's Sets,"Shop Sequin Halloween Pumpkin Pattern V Neck Tee and Drawstring Bottoms Casual Set. Discover quality women's sets designed for everyday style, comfort and easy wear. Refresh your wardrobe today",193,"Sequin Halloween Pumpkin Pattern V Neck Tee and Drawstring Bottoms Casual Set pairs a coordinated styling with a matching coordinated styling, creating a.",154,Sequin Halloween Pumpkin Pattern V Neck Tee and Drawstring Bottoms Casual Set — tee. Order today at VennixStore.,112,tee,
gid://shopify/Product/8490985881789,short-sleeve-pumpkin-print-polka-dot-trim-pocket-placket-lounge-set,Short Sleeve Pumpkin Print Polka Dot Trim Pocket Placket Lounge Set,Women's Sets,"Shop Short Sleeve Pumpkin Print Polka Dot Trim Pocket Placket Lounge Set. Discover quality women's sets designed for everyday style, comfort and easy wear. Refresh your wardrobe today and find your new",201,"Short Sleeve Pumpkin Print Polka Dot Trim Pocket Placket Lounge Set pairs a coordinated styling with a matching coordinated styling, creating a coordinated.",156,"Meet the Short Sleeve Pumpkin Print Polka Dot Trim Pocket Placket Lounge Set — sleeved, printed. In stock now at VennixStore.",125,"sleeved, printed",
gid://shopify/Product/8490985947325,embroidered-spooky-season-long-sleeve-round-neck-sweatshirt,Embroidered Spooky Season Long Sleeve Round Neck Sweatshirt,Women's Sweatshirts,"Shop Embroidered Spooky Season Long Sleeve Round Neck Sweatshirt. Discover quality women's sweatshirts designed for everyday style, comfort and easy wear. Refresh your wardrobe today and find your",196,"Embroidered Spooky Season Long Sleeve Round Neck Sweatshirt is a women's sweatshirts for everyday wardrobes, with a versatile design for casual and seasonal.",157,Shop the Embroidered Spooky Season Long Sleeve Round Neck Sweatshirt — sleeved. Part of our women's sweatshirt range. Ships free over $50.,138,sleeved,
gid://shopify/Product/8490986012861,full-size-spooky-sequin-letter-patched-cotton-blend-t-shirt-plus-size,Full Size Spooky Sequin Letter Patched Cotton Blend T Shirt Plus Size,Women's Tops,"Shop Full Size Spooky Sequin Letter Patched Cotton Blend T Shirt Plus Size. Discover quality women's tops designed for everyday style, comfort and easy wear. Refresh your wardrobe today and find your",199,"Full Size Spooky Sequin Letter Patched Cotton Blend T Shirt Plus Size features a a practical with a versatile design, creating a polished option for work.",154,Full Size Spooky Sequin Letter Patched Cotton Blend T Shirt Plus Size. Part of our women's top range. Free shipping over $50.,125,,
gid://shopify/Product/8490986078397,corded-ribbed-farm-fresh-pumpkins-graphic-sweatshirt,Corded Ribbed Farm Fresh Pumpkins Graphic Sweatshirt,Women's Sweatshirts,"Shop Corded Ribbed Farm Fresh Pumpkins Graphic Sweatshirt. Discover quality women's sweatshirts designed for everyday style, comfort and easy wear. Refresh your wardrobe today and find your new",193,"Corded Ribbed Farm Fresh Pumpkins Graphic Sweatshirt is a women's sweatshirts for everyday wardrobes, with a versatile design for casual and seasonal outfits",157,Meet the Corded Ribbed Farm Fresh Pumpkins Graphic Sweatshirt — graphic print. Order today at VennixStore.,106,graphic print,
gid://shopify/Product/8490986111165,elegant-3d-lace-trim-high-waist-a-line-midi-skirt,Elegant 3D Lace Trim High‑Waist A‑Line Midi Skirt,Women's Skirts,"Shop Elegant 3D Lace Trim High‑Waist A‑Line Midi Skirt. Discover quality women's skirts designed for everyday style, comfort and easy wear. Refresh your wardrobe today and find your new favorite at VennixStore.",210,"Elegant 3D Lace Trim High‑Waist A‑Line Midi Skirt is a women's skirts for everyday wardrobes, with a versatile design for casual and seasonal outfits",149,Shop the Elegant 3D Lace Trim High‑Waist A‑Line Midi Skirt — midi length. Part of our women's skirt range. In stock now at VennixStore.,135,midi length,
gid://shopify/Product/8490986143933,full-size-halloween-sequin-ghost-print-short-sleeve-casual-t-shirt-plus-size,Full Size Halloween Sequin Ghost Print Short Sleeve Casual T-Shirt Plus Size,Women's Tops,"Shop Full Size Halloween Sequin Ghost Print Short Sleeve Casual T-Shirt Plus Size. Discover quality women's tops designed for everyday style, comfort and easy wear. Refresh your wardrobe today",192,"Full Size Halloween Sequin Ghost Print Short Sleeve Casual T-Shirt Plus Size features a a practical with a versatile design, creating a polished option for.",156,"Full Size Halloween Sequin Ghost Print Short Sleeve Casual T-Shirt Plus Size — sleeved, printed. Ships free over $50.",117,"sleeved, printed",
gid://shopify/Product/8490986176701,gothic-multi-layered-beaded-necklace,Gothic Multi-Layered Beaded Necklace,Necklaces,"Shop Gothic Multi-Layered Beaded Necklace. Discover quality necklaces designed for everyday style, comfort and easy wear. Refresh your wardrobe today and find your new favorite at VennixStore.",192,"Gothic Multi-Layered Beaded Necklace is a necklaces for everyday wardrobes, with a versatile design for casual and seasonal outfits",131,Meet the Gothic Multi-Layered Beaded Necklace. Part of our necklace range. Free shipping over $50.,98,,
gid://shopify/Product/8490986275005,sequin-high-slit-sleeveless-maxi-dress,Sequin High Slit Sleeveless Maxi Dress,Women's Dresses,"Shop Sequin High Slit Sleeveless Maxi Dress. Discover quality women's dresses designed for everyday style, comfort and easy wear. Refresh your wardrobe today and find your new favorite at VennixStore.",200,"Sequin High Slit Sleeveless Maxi Dress features a an easy-to-style with everyday styling, suited to warm-weather outings and occasion dressing",142,Shop the Sequin High Slit Sleeveless Maxi Dress — maxi length. Part of our women's dress range. Order today at VennixStore.,123,maxi length,
gid://shopify/Product/8490986471613,halloween-ghost-pattern-checkerboard-sweater,Halloween Ghost Pattern Checkerboard Sweater,Women's Sweaters,"Shop Halloween Ghost Pattern Checkerboard Sweater. Discover quality women's sweaters designed for everyday style, comfort and easy wear. Refresh your wardrobe today and find your new favorite at VennixStore.",207,"Halloween Ghost Pattern Checkerboard Sweater is a women's sweaters for everyday wardrobes, with a versatile design for casual and seasonal outfits",146,Halloween Ghost Pattern Checkerboard Sweater. Part of our women's sweater range. In stock now at VennixStore.,109,,
gid://shopify/Product/8490986668221,lace-trimmed-keyhole-long-sleeve-t-shirt,Lace-Trimmed Keyhole Long Sleeve T-Shirt,Women's Tops,"Shop Lace-Trimmed Keyhole Long Sleeve T-Shirt. Discover quality women's tops designed for everyday style, comfort and easy wear. Refresh your wardrobe today and find your new favorite at VennixStore.",199,"Lace-Trimmed Keyhole Long Sleeve T-Shirt features a a practical with a versatile design, creating a polished option for work, weekends, and occasions",149,Meet the Lace-Trimmed Keyhole Long Sleeve T-Shirt — sleeved. Part of our women's top range. Ships free over $50.,112,sleeved,
gid://shopify/Product/8490986766525,patchwork-plaid-pumpkin-face-long-sleeve-top,Patchwork Plaid Pumpkin Face Long Sleeve Top,Women's Tops,"Shop Patchwork Plaid Pumpkin Face Long Sleeve Top. Discover quality women's tops designed for everyday style, comfort and easy wear. Refresh your wardrobe today and find your new favorite at VennixStore.",203,"Patchwork Plaid Pumpkin Face Long Sleeve Top features a a practical with a versatile design, creating a polished option for work, weekends, and occasions",153,"Shop the Patchwork Plaid Pumpkin Face Long Sleeve Top — sleeved, top. Part of our women's top range. Free shipping over $50.",124,"sleeved, top",
gid://shopify/Product/8490986799293,rhinestone-pumpkin-long-sleeve-sweatshirt,Rhinestone Pumpkin Long Sleeve Sweatshirt,Women's Sweatshirts,"Shop Rhinestone Pumpkin Long Sleeve Sweatshirt. Discover quality women's sweatshirts designed for everyday style, comfort and easy wear. Refresh your wardrobe today and find your new favorite at VennixStore.",207,"Rhinestone Pumpkin Long Sleeve Sweatshirt is a women's sweatshirts for everyday wardrobes, with a versatile design for casual and seasonal outfits",146,Rhinestone Pumpkin Long Sleeve Sweatshirt — sleeved. Part of our women's sweatshirt range. Order today at VennixStore.,118,sleeved,
gid://shopify/Product/8490986832061,elegant-lace-long-sleeve-mini-dress,Elegant Lace Long Sleeve Mini Dress,Women's Dresses,"Shop Elegant Lace Long Sleeve Mini Dress. Discover quality women's dresses designed for everyday style, comfort and easy wear. Refresh your wardrobe today and find your new favorite at VennixStore.",197,"Elegant Lace Long Sleeve Mini Dress features a an easy-to-style with everyday styling, suited to warm-weather outings and occasion dressing",139,"Meet the Elegant Lace Long Sleeve Mini Dress — sleeved, mini length. Part of our women's dress range. In stock now at VennixStore.",130,"sleeved, mini length",
